Unnamed: 0_level_0,Unnamed: 1_level_0,營業收入,營業收入,營業收入,營業收入,營業收入,累計營業收入,累計營業收入,累計營業收入,備註,當月營收
code,公司名稱,當月營收,上月營收,去年當月營收,上月比較 增減(%),去年同月 增減(%),當月累計營收,去年累計營收,前期比較 增減(%),備註,
1101,台泥,8480821,9832764,9288320,-13.74,-8.69,50023365,48800852,2.5,"以上營收不包含停業部門營收:110年6月1,162,600仟元暨109年6月672,992仟元;110年1-6月6,151,329仟元暨109年1-6月3,638,858仟元",8480821
1102,亞泥,6895504,7688883,6752208,-10.31,2.12,40308358,33825643,19.16,-,6895504
1103,嘉泥,168756,196403,166768,-14.07,1.19,1094913,992319,10.33,-,168756
1104,環泥,407130,533814,453562,-23.73,-10.23,2905011,2591631,12.09,-,407130
1108,幸福,325660,357039,360616,-8.78,-9.69,2074215,2226696,-6.84,-,325660
1109,信大,492001,627354,611254,-21.57,-19.5,3697732,3255948,13.56,-,492001
1110,東泥,262145,141730,130369,84.96,101.07,935119,770491,21.36,主要係因子公司東南資產開發股份有限公司認列收入,262145
1201,味全,1717230,1659960,1584018,3.45,8.4,9314003,8589703,8.43,-,1717230
1203,味王,492972,488269,519138,0.96,-5.04,2940206,3051105,-3.63,-,492972
1210,大成,9082135,8266299,6450520,9.86,40.79,48773956,36947103,32.01,-,9082135
1213,大飲,36210,35416,35095,2.24,3.17,205523,166497,23.43,-,36210
1215,卜蜂,2024955,2086575,1772694,-2.95,14.23,11828215,10669093,10.86,-,2024955
1216,統一,39253261,39759158,38616245,-1.27,1.64,232797132,218736545,6.42,-,39253261
1217,愛之味,464795,439985,415560,5.63,11.84,2274234,2150473,5.75,-,464795
1218,泰山,794155,830360,734201,-4.36,8.16,4709527,3924694,19.99,-,794155
1219,福壽,1024656,1176668,987280,-12.91,3.78,7159772,5917265,20.99,-,1024656
1220,台榮,272149,254687,222507,6.85,22.31,1497626,1243188,20.46,-,272149
1225,福懋油,1034300,1114265,792623,-7.17,30.49,6264703,4979882,25.8,-,1034300
1227,佳格,2701602,2373213,2392058,13.83,12.94,15676507,14624069,7.19,-,2701602
1229,聯華,1662605,845247,1275443,96.7,30.35,5457591,4756896,14.73,-,1662605
1231,聯華食,738135,723277,684343,2.05,7.86,4530760,4103744,10.4,-,738135
1232,大統益,1358757,1642167,1424986,-17.25,-4.64,9760472,8025240,21.62,-,1358757
1233,天仁,107176,134815,141988,-20.5,-24.51,865812,903834,-4.2,-,107176
1234,黑松,748522,731347,770065,2.34,-2.79,4381849,4072986,7.58,-,748522
1235,興泰,1630,1066,3033,52.9,-46.25,7629,11053,-30.97,-,1630
1236,宏亞,83920,98044,80724,-14.4,3.95,822732,687064,19.74,-,83920
1702,南僑,1602134,1647810,1430259,-2.77,12.01,9590885,7882781,21.66,-,1602134
1737,臺鹽,313844,362608,277394,-13.44,13.14,1776181,1515307,17.21,-,313844
3054,立萬利,6641,6038,25461,9.98,-73.91,29545,204797,-85.57,本期無電子相關營收致本期營收較去年同期減少。,6641
1301,台塑,22938082,24347789,14776562,-5.78,55.23,132254846,85003282,55.58,去年6月受疫情影響，石化產品價格大跌，今年因疫情趨緩且供給減少，推升行情，因此今年6月合併營收較去年同期增加55.23%。,22938082
1303,南亞,34598733,34484715,20794995,0.33,66.38,193698672,126182089,53.5,去年新冠肺炎疫情嚴重，各國多處於封鎖狀態，景氣低迷，而今年營運良好，相較之下營收大幅增加。,34598733
1304,台聚,6053540,5665595,3952131,6.84,53.17,33943334,22214911,52.79,因市場環境影響銷售量價皆優於去年同期，故營收增加。,6053540
1305,華夏,1684606,1397334,948423,20.55,77.62,9554447,5878179,62.54,109年第二季全球爆發第一波新冠肺炎疫情，致需求驟降，今年因部分PVC大廠受疫情、歲修或天災而減產，後疫情需求恢復。,1684606
1307,三芳,691468,604961,489749,14.29,41.18,4583193,4128512,11.01,-,691468
1308,亞聚,794147,740520,451529,7.24,75.87,4188354,2672129,56.74,產品平均售價較去年同期提高所致,794147
1309,台達化,1864035,1827110,1276711,2.02,46.0,10103614,6524556,54.85,持續強化銷售量，銷售量較去年同期增加，且售價優於去年，故營業收入較去年同期增加。,1864035
1310,台苯,1087399,1216202,684951,-10.59,58.75,5567971,3578547,55.59,去年因疫情衝擊價格基期較低，今年6月SM價格逐漸走穩較去年同期上升約83.4%，造成同期營業額增加58.76%。,1087399
1312,國喬,1955006,2029279,1332033,-3.66,46.76,11168803,7210570,54.89,係因主要產品之數量及價格均較去年成長,1955006
1313,聯成,6964983,6407063,4199654,8.7,65.84,37923382,21094129,79.78,產品價格較去年同期增加。,6964983
1314,中石化,3363761,3063236,1217571,9.81,176.26,16678382,9385146,77.71,去年同期及累計營收因受疫情影響而較正常低；近期原物料價格上漲及需求回穩，銷量及售價皆上漲，故今年單月及累計營收較去年增加,3363761
1315,達新,213438,163373,188984,30.64,12.93,1082570,1004835,7.73,-,213438
1321,大洋,474134,634152,406756,-25.23,16.56,3185912,2177719,46.29,-,474134
1323,永裕,330531,306490,298326,7.84,10.79,1770504,1662306,6.5,-,330531
1324,地球,86079,97182,86367,-11.42,-0.33,518682,532946,-2.67,-,86079
1325,恆大,128578,137103,484807,-6.21,-73.47,872769,1668488,-47.69,因市場上新冠肺炎防疫物資產能充足且競爭激烈，致本公司各類防疫物資銷售量值較去年同期減少。,128578
1326,台化,30692373,32135688,19842166,-4.49,54.68,180029908,120431899,49.48,比較去年同時疫情影響較緩和，下游需求消費動能提升，致行情上漲，客戶採購動能穩定，開動率提高產銷量增加。,30692373
4306,炎洲,1620354,1488094,1111835,8.88,45.73,8594853,6453284,33.18,-,1620354
1402,遠東新,19922489,20092465,17013520,-0.84,17.09,114753529,101180409,13.41,-,19922489
1409,新纖,3597869,3697034,2429664,-2.68,48.08,21124590,14823041,42.51,-,3597869
1410,南染,35997,52699,28351,-31.69,26.96,239279,199698,19.82,-,35997
1413,宏洲,262237,256345,114480,2.29,129.06,1388220,762906,81.96,因去年疫情關係基期低,262237
1414,東和,65732,62640,35986,4.93,82.65,400293,329805,21.37,去年同期受疫情影響，出貨量減少,65732
1417,嘉裕,89594,93885,93304,-4.57,-3.97,615277,503845,22.11,-,89594
1418,東華,1922,6456,11660,-70.22,-83.51,27528,54991,-49.94,因本公司110.4.1董事會通過亞克力棉生產線停止生產。,1922
1419,新紡,206225,183301,131116,12.5,57.28,1184172,996739,18.8,去年同期受疫情影響營收基期較低所致,206225
1423,利華,20114,16819,30771,19.59,-34.63,108585,122631,-11.45,-,20114
1434,福懋,2583016,2935975,2030628,-12.02,27.2,16769028,15032010,11.55,-,2583016
1440,南紡,1834576,1592547,1352756,15.19,35.61,10652040,8600574,23.85,-,1834576
1441,大東,119309,147229,86933,-18.96,37.24,751724,775737,-3.09,-,119309
1444,力麗,978966,849439,590953,15.24,65.65,4802509,4111357,16.81,去年同期受新型冠狀病毒疫情影響以致於營收衰退，今年營運逐漸恢復正常。,978966
1445,大宇,99244,96775,54918,2.55,80.71,559990,482425,16.07,訂單增加營業額成長,99244
1446,宏和,9574,10211,35386,-6.23,-72.94,113075,238360,-52.56,因永和合建案已銷售完畢,9574
1447,力鵬,1955590,2263198,731202,-13.59,167.44,12007317,4948979,142.62,因新增子公司貿易營收,1955590
1449,佳和,333575,250156,183311,33.34,81.97,1424254,916807,55.34,訂單增加,333575
1451,年興,685864,596702,638348,14.94,7.44,3592414,2960559,21.34,-,685864
1452,宏益,162515,165986,65767,-2.09,147.1,1004251,517994,93.87,去年同期受新冠肺炎疫情影響，營收大幅減少。,162515
1454,台富,163692,127550,61594,28.33,165.75,786009,631986,24.37,去年同期受新冠肺炎疫情影響，營收偏低,163692
1455,集盛,923139,934445,503149,-1.2,83.47,5107158,3428368,48.96,因去年度受疫情影響，營收過度萎縮，致基期較低，本年景氣已回穩。,923139
1457,宜進,381444,374574,170335,1.83,123.93,2064098,1372032,50.44,"109年因台南廠停止生產及疫情影響,致營業額大幅降低,今年已恢復正常。",381444
1459,聯發,187016,193385,85472,-3.29,118.8,1273460,808239,57.55,去年同期受新型冠狀病毒疫情影響，致去年同期營業收入大幅減少。,187016
1460,宏遠,720402,744338,455077,-3.21,58.3,4347585,3036191,43.19,109年因疫情影響造成營收減少,720402
1463,強盛,25946,41311,14585,-37.19,77.89,219821,266130,-17.4,去年同期因受疫情影響營業額較本年度同期減少.,25946
1464,得力,888247,873158,483742,1.72,83.61,5047939,3994101,26.38,去年度受疫情影響故營收大幅衰退。,888247
1465,偉全,44120,30467,37502,44.81,17.64,164114,218773,-24.98,-,44120
1466,聚隆,353163,294480,143682,19.92,145.79,1692633,1105842,53.06,"去年同期受新冠肺炎疫情影響,全球需求減少,造成營收銳減",353163
1467,南緯,547855,465008,800319,17.81,-31.54,3126456,2521262,24.0,-,547855
1468,昶和,84741,101263,72359,-16.31,17.11,544512,505062,7.81,-,84741
1470,大統新創,84433,73372,25867,15.07,226.41,436234,293869,48.44,"2020年Q2受COVID-19疫情影響,出貨量銳減,造成兩年度明顯差異",84433
1473,台南,350096,183663,490280,90.61,-28.59,2621906,3044408,-13.87,-,350096
1474,弘裕,270784,273149,209272,-0.86,29.39,1598863,1272050,25.69,-,270784
1475,業旺,10071,16641,8841,-39.48,13.91,82034,23133,254.61,主要開始銷售染劑產品,10071
1476,儒鴻,3224171,3404550,1934033,-5.29,66.7,18006243,11475224,56.91,主係全球經濟逐漸復甦，致業績成長。,3224171
1477,聚陽,2214611,1560469,2153860,41.91,2.82,12937782,10856419,19.17,-,2214611
4414,如興,1058692,929443,2164325,13.9,-51.08,7560100,8150885,-7.24,受新冠肺炎及去年同期海外防疫用品供不應求影響，導致本期營收較去年同期減少。,1058692
4426,利勤,50270,65759,75551,-23.55,-33.46,390819,610107,-35.94,-,50270
4438,廣越,1416273,1337459,1568350,5.89,-9.69,4947971,5020443,-1.44,-,1416273
4440,宜新實業,165971,147220,74983,12.73,121.34,833030,503942,65.3,去年同期受新冠疫情衝擊，今年市場需求回升，以致今年營收較去年同期增加。,165971
1503,士電,2423094,2167952,2137689,11.76,13.35,14135539,12408296,13.92,-,2423094
1504,東元,4397835,4312815,4406855,1.97,-0.2,24275572,21773442,11.49,-,4397835
1506,正道,98750,81044,74320,21.84,32.87,503082,444144,13.27,-,98750
1513,中興電,1339572,1043468,1029142,28.37,30.16,8744140,6382828,36.99,-,1339572
1514,亞力,506362,452007,417133,12.02,21.39,2574868,2495287,3.18,-,506362
1515,力山,2014978,1497563,740710,34.55,172.03,9022875,3296930,173.67,客戶銷售狀況好增加採購量,2014978
1517,利奇,419359,408181,269436,2.73,55.64,2222212,1266298,75.48,"主係自行車零組件受惠全球自行車零售巿場持續熱銷,造就本公司集團出貨量及金額大增。",419359
1519,華城,971935,723841,670184,34.27,45.02,3975228,3484687,14.07,-,971935
1526,日馳,167887,160701,104035,4.47,61.37,826825,513011,61.17,因市場需求增加，致本月營收優於去年同期。,167887
1527,鑽全,417884,443928,248196,-5.86,68.36,2310381,1658404,39.31,國外市場需求增加,417884
1528,恩德,281614,307483,274098,-8.41,2.74,1635990,1596889,2.44,-,281614
1529,樂事綠能,91721,13803,65063,564.5,40.97,156500,317507,-50.7,"本年迄今因太陽能工程案量少,致累計營收較去年同期減少",91721
1530,亞崴,340016,311606,298809,9.11,13.79,1766718,1455691,21.36,-,340016
1531,高林股,285602,213474,103888,33.78,174.91,1383858,685369,101.91,去年逢大陸爆發疫情並漫延全世界影響，業績衰退，比較基期低所致。,285602
1532,勤美,986696,994013,844592,-0.73,16.82,6925247,4693834,47.53,-,986696
1535,中宇,622844,660989,704875,-5.77,-11.63,4098042,3994235,2.59,-,622844
1537,廣隆,688504,644513,587949,6.82,17.1,3640742,3393325,7.29,-,688504
1538,正峰,24304,28609,24974,-15.04,-2.68,132756,130358,1.83,-,24304
1539,巨庭,223175,272787,163862,-18.18,36.19,1354785,944777,43.39,-,223175
1540,喬福,35648,36859,15138,-3.28,135.48,233255,129780,79.73,東歐市場回溫,35648
1541,錩泰,439989,491464,425913,-10.47,3.3,2685983,2309161,16.31,-,439989
1558,伸興,812459,643327,696273,26.29,16.68,4801388,2783826,72.47,"本月增加百分比達50%以上,係因歐美縫紉機需求增加",812459
1560,中砂,499253,507991,443332,-1.72,12.61,2952507,2534744,16.48,-,499253
1583,程泰,595592,567389,539679,4.97,10.36,3264036,2429034,34.37,-,595592
1597,直得,165908,162123,132301,2.33,25.4,908423,681775,33.24,-,165908
2049,上銀,2443235,2369013,2020307,3.13,20.93,13039964,9242643,41.08,-,2443235
2371,大同,2427273,2764705,2746946,-12.2,-11.63,13978084,16738944,-16.49,-,2427273
3167,大量,445129,437884,232683,1.65,91.3,2269151,893599,153.93,市場設備需求逐漸復甦所致,445129
4526,東台,1096909,991786,803785,10.59,36.46,4736123,3913701,21.01,-,1096909
4532,瑞智,2087730,1970258,1956520,5.96,6.7,12108341,9460337,27.99,-,2087730
4540,全球傳動,310356,310702,240190,-0.11,29.21,1533954,1242604,23.44,-,310356
4555,氣立,199222,186931,145586,6.57,36.84,1017538,746649,36.28,-,199222
4562,穎漢,80430,60754,60737,32.38,32.42,386503,326686,18.31,-,80430
4564,元翎,224051,211498,173116,5.93,29.42,1177716,982136,19.91,-,224051
4566,時碩工業,325734,342378,229524,-4.86,41.91,2167815,1619508,33.85,-,325734
4572,駐龍,38519,33177,27286,16.1,41.16,178337,212153,-15.93,-,38519
4576,大銀微系統,276457,252284,183445,9.58,50.7,1489278,1195037,24.62,主係新冠肺炎疫情影響趨緩，帶動市場景氣需求提升所致。,276457
4583,台灣精銳,288993,283681,185199,1.87,56.04,1662021,1317245,26.17,去年同期機械本業營收基期較低，及本年度穩定成長中。,288993
6606,建德工業,92099,81905,77894,12.44,18.23,443651,315911,40.43,-,92099
8222,寶一,27373,25337,19152,8.03,42.92,163331,256506,-36.32,-,27373
8374,羅昇,318488,348777,217489,-8.68,46.43,1852158,1355322,36.65,-,318488
8996,高力,198995,186635,160749,6.62,23.79,1091514,1023422,6.65,-,198995
1603,華電,152772,161627,252991,-5.47,-39.61,1201571,1172791,2.45,-,152772
1604,聲寶,788114,838750,764012,-6.03,3.15,4419195,3898419,13.35,-,788114
1605,華新,14184106,12770540,8812556,11.06,60.95,68053784,53130577,28.08,主係本期銷售價、量均較去年同期增加所致,14184106
1608,華榮,935989,880343,501998,6.32,86.45,4874513,3483123,39.94,營收增加主係因出貨量增加及國際銅價上漲,935989
1609,大亞,2758445,2373863,1478283,16.2,86.59,13249199,8368449,58.32,營收增加主係因銅價上漲及售電收入增加所致,2758445
1611,中電,131457,145031,179172,-9.35,-26.63,884930,1073606,-17.57,-,131457
1612,宏泰,578338,541426,429605,6.81,34.62,3075241,2357205,30.46,-,578338
1614,三洋電,523873,613425,616287,-14.59,-14.99,2912237,2770204,5.12,-,523873
1615,大山,238655,343992,200154,-30.62,19.23,2254989,1370471,64.54,110年累計營收較去年同期累計營收成長64.54%。係110/3-5增加子公司營建收入所致。,238655
1616,億泰,305540,284397,185338,7.43,64.85,1421753,1312258,8.34,本月營收較去年同期增加主要係因公營機關出貨增加所致,305540
1617,榮星,457023,392786,209571,16.35,118.07,2329229,1291985,80.28,因銅價持續上漲，客戶需求也增加所致。,457023
1618,合機,131414,445601,144734,-70.5,-9.2,1565522,985909,58.78,"110年1-6月業主通知交貨較多,致超高壓線及銅板等出貨量較去年同期增加。",131414
4930,燦星網,931241,928529,781955,0.29,19.09,5369671,3543610,51.53,"109/3/27董事會決議處分燦星國旅全數持股，109年第一季起將該公司轉列停業單位，合併營收109年6月累積扣除110,186仟元。",931241
5283,禾聯碩,582438,705248,705448,-17.41,-17.43,3123342,2883968,8.3,-,582438
1708,東鹼,440138,292402,336688,50.52,30.72,1994048,2070030,-3.67,-,440138
1709,和益,812640,899382,807252,-9.64,0.66,4802222,4391127,9.36,-,812640
1710,東聯,2197770,2476338,1614180,-11.24,36.15,13850207,9202285,50.5,2021年1~6月合併公司主要產品之單價上漲45%所致,2197770
1711,永光,772271,783261,494797,-1.4,56.07,4630298,3793834,22.04,主要係去年同期受到新冠肺炎疫情之影響，各國紛紛採取鎖國及封城等措施，整體需求大幅下降，致使基期較低所致。,772271
1712,興農,1675034,1543796,1388367,8.5,20.64,9557425,9098107,5.04,-,1675034
1713,國化,56432,51729,30322,9.09,86.1,289682,235922,22.78,"因國內需求暢旺,銷售量增加所致",56432
1714,和桐,1545691,1622275,4940382,-4.72,-68.71,9749490,14646300,-33.43,與去年同期減少主係去年子公司出售土地存貨29.5億所致,1545691
1717,長興,4175807,4316922,2885102,-3.26,44.73,24413474,16585647,47.19,-,4175807
1718,中纖,2548978,2587885,2138228,-1.5,19.2,15524094,14020094,10.72,"本月份自結異業別合併營收資訊,未經會計師簽證或核閱",2548978
1721,三晃,243448,230490,219356,5.62,10.98,1413132,1499106,-5.73,-,243448
1722,台肥,1027962,728505,758157,41.1,35.58,5560301,5445478,2.1,-,1027962
1723,中碳,659493,642982,422791,2.56,55.98,3620741,2748847,31.71,本月營收較去年同月增加幅度較大，主係因油價較去年同期大漲，帶動主要產品售價上漲，導致本月營收較去年同期增加。,659493
1725,元禎,971267,931594,545441,4.25,78.07,5257001,3326667,58.02,本年度油價回升及石油產業復甦，且去年基期低，故本月營收較去年大幅成長。,971267
1726,永記,739969,764047,635082,-3.15,16.51,4267129,3770154,13.18,-,739969
1727,中華化,154334,148585,134801,3.86,14.49,894646,924539,-3.23,-,154334
1730,花仙子,201851,190970,271707,5.69,-25.71,1480628,1423679,4.0,-,201851
1732,毛寶,51773,54893,51981,-5.68,-0.4,320720,323897,-0.98,-,51773
1735,日勝化,308415,275343,142980,12.01,115.7,1551982,964714,60.87,去年同期合併營收受新型冠狀病毒疫情影響較深，本期所受影響已減少。另原物料上漲，售價亦有調漲所致。,308415
1773,勝一,920823,945261,598071,-2.58,53.96,5015153,3817565,31.37,溶劑銷量較去年同期增加,920823
1776,展宇,125878,115808,77665,8.69,62.07,751618,644343,16.64,"本月營收增減額為62.08%,因為去年受疫情影響導致營收減少",125878
4720,德淵,269418,289020,253895,-6.78,6.11,1693455,1379607,22.74,-,269418
4722,國精化,412672,348321,252817,18.47,63.22,2297147,1799007,27.68,"本月營收較去年同期增加63.23%,主受海運缺櫃影響,導致上月部分貨物延至本月出貨.",412672
4739,康普,561730,621067,435872,-9.55,28.87,3517945,2590606,35.79,-,561730
4755,三福化,352041,336226,377813,4.7,-6.82,1959990,1840884,6.47,-,352041
4764,雙鍵,283963,283085,209591,0.31,35.48,1518361,1193927,27.17,-,283963
4766,南寶,1608624,1434501,1166193,12.13,37.93,8892071,7080085,25.59,-,1608624
4770,上品,338481,249737,240933,35.53,40.48,1659967,1109997,49.54,-,338481
1701,中化,677409,717855,617720,-5.63,9.66,4051563,4049982,0.03,-,677409
1707,葡萄王,821032,920329,798685,-10.78,2.79,4476067,4257176,5.14,-,821032
1720,生達,315438,443535,358120,-28.88,-11.91,2250210,2142464,5.02,-,315438
1731,美吾華,94571,99623,93039,-5.07,1.64,619367,504040,22.88,疫情期間及時掌握線上商機，加上森歐黎漾Saholea和新品挹注營收，降低實體通路受疫情影響的衝擊，營收較去年同期持續成長。,94571
1733,五鼎,155945,170873,224617,-8.73,-30.57,1060873,1041014,1.9,-,155945
1734,杏輝,200857,202915,177598,-1.01,13.09,1224915,1207768,1.41,-,200857
1752,南光,141544,161674,131564,-12.45,7.58,865797,902238,-4.03,-,141544
1760,寶齡富錦,179623,254243,79654,-29.34,125.5,907258,669317,35.54,主係新冠肺炎疫情，檢驗試劑及感控部門之產品，市場需求增加，致整體營收增加。,179623
1762,中化生,230689,189610,121894,21.66,89.25,921442,699352,31.75,客戶訂單需求增加，故當月營收較去年同期成長。,230689
1783,和康生,48042,43113,49206,11.43,-2.36,232083,219696,5.63,-,48042
1786,科妍,53961,42418,50156,27.21,7.58,238033,213994,11.23,-,53961
1789,神隆,247008,266566,212977,-7.33,15.97,1388774,1450603,-4.26,-,247008
1795,美時,1150118,1156527,1052244,-0.55,9.3,6788506,4711346,44.08,-,1150118
3164,景岳,32549,38054,25339,-14.46,28.45,203242,158974,27.84,-,32549
3705,永信,655021,659804,629220,-0.72,4.1,3697915,3928691,-5.87,-,655021
4104,佳醫,493203,556218,507393,-11.32,-2.79,3209822,3319332,-3.29,-,493203
4106,雃博,193985,206657,173709,-6.13,11.67,1157304,925346,25.06,-,193985
4108,懷特,19812,16292,7268,21.6,172.59,80384,36423,120.69,懷特血寶凍晶注射劑及專為癌症患者輔助治療的保健品「懷特耆力」需求持續增強，故當月業績較去年同期大幅成長172.59%。,19812
4119,旭富,62243,67778,169230,-8.16,-63.21,500198,1512250,-66.92,因火災影響產線，目前廠內產能為0，租賃廠房產能貢獻仍有限,62243
4133,亞諾法,44424,47627,30459,-6.72,45.84,238582,203229,17.39,-,44424
4142,國光生,68932,17106,51715,302.96,33.29,94946,430092,-77.92,累計營收減少主因為國內四價流感疫苗提前於109年第四季出貨。,68932
4155,訊映,88984,126531,104273,-29.67,-14.66,596455,690088,-13.56,-,88984
4164,承業醫,141842,142630,244227,-0.55,-41.92,1084046,1187817,-8.73,-,141842
4736,泰博,902440,445234,467049,102.68,93.22,3024301,3002042,0.74,因新冠肺炎抗原快篩檢驗試劑銷售增加,902440
4737,華廣,155828,126419,122062,23.26,27.66,876386,712817,22.94,-,155828
4746,台耀,286468,251523,278860,13.89,2.72,1569155,1450350,8.19,-,286468
6446,藥華藥,24620,32168,46108,-23.46,-46.6,184440,131354,40.41,自109年6月起合併子公司泛泰醫療產品(股)公司營收,24620
6472,保瑞,366295,424683,129649,-13.74,182.52,2572073,734709,250.08,109.12起合併加拿大子公司營收,366295
6491,晶碩,459785,443216,291454,3.73,57.75,2527142,1556833,62.32,因代工訂單增加，故業績提升,459785
6534,正瀚-創,75649,93660,67292,-19.23,12.41,671516,564114,19.03,-,75649
6645,金萬林-創,82344,54046,25043,52.35,228.81,246669,118180,108.72,本年度增減百分比達50％以上，係因試劑與檢測服務業務增加所致。,82344
6657,華安,414,729,600,-43.2,-31.0,3592,2839,26.52,-,414
6782,視陽,133158,115665,134194,15.12,-0.77,870109,741216,17.38,-,133158
6796,晉弘,40260,35222,33242,14.3,21.11,198910,169715,17.2,-,40260
1802,台玻,4975212,5151765,3325435,-3.42,49.61,26751726,16469317,62.43,本年累計比去年同期增加50%以上係因去年COVID-19疫情影響所致,4975212
1806,冠軍,283015,273149,403477,3.61,-29.85,1419235,1841388,-22.92,-,283015
1809,中釉,166368,189192,120378,-12.06,38.2,1052845,819680,28.44,-,166368
1810,和成,400043,499694,457922,-19.94,-12.63,2540666,2415506,5.18,-,400043
1817,凱撒衛,210139,199880,201584,5.13,4.24,1175999,1066642,10.25,-,210139
1903,士紙,13814,72120,12104,-80.84,14.12,230349,79971,188.04,累計營業收入較去年同期增加，主要係出售營建房地收入。,13814
1904,正隆,3892284,3929849,3555049,-0.95,9.48,21829390,18653186,17.02,-,3892284
1905,華紙,1882754,1920789,1439364,-1.98,30.8,11218504,9061940,23.79,-,1882754
1906,寶隆,32253,33531,115193,-3.81,-72.0,160736,687870,-76.63,代理銷售工業用紙之噸數減少,32253
1907,永豐餘,7461567,7763627,5510681,-3.89,35.4,43864707,33537660,30.79,-,7461567
1909,榮成,4924748,5212273,3533899,-5.51,39.35,25103422,16629976,50.95,大陸工紙增加銷售量,4924748
6790,永豐實,766502,855171,773790,-10.36,-0.94,5017189,5015597,0.03,-,766502
2002,中鋼,38823509,39718469,23917855,-2.25,62.32,213269624,150528288,41.68,鋼鐵事業群整體受惠鋼鐵市場復甦，銷售單價及數量較去年同月增加所致。,38823509
2006,東和鋼鐵,4879623,4969569,3409050,-1.8,43.13,27788454,19691993,41.11,-,4879623
2007,燁興,598924,602404,419890,-0.57,42.63,3426232,2786702,22.94,-,598924
2008,高興昌,130418,130587,92052,-0.12,41.67,662422,430880,53.73,鋼鐵製品需求轉強,130418
2009,第一銅,289521,270259,166050,7.12,74.35,1491447,1086513,37.26,主係因出貨量增加及國際銅價上漲,289521
2010,春源,2321306,2256068,1492385,2.89,55.54,12254950,8677062,41.23,本月受鋼價上漲及市場需求增加，銷售價格及數量均增加，故本月營收較去年同月增加。,2321306
2012,春雨,1038579,968215,655513,7.26,58.43,5273198,3775268,39.67,(1)去年度因為新冠肺炎疫情影響(2)今年國際鋼價大幅調升，故導致兩期銷售金額差異擴大。,1038579
2013,中鋼構,1236313,1180440,1081296,4.73,14.33,7039042,6424324,9.56,-,1236313
2014,中鴻,4834658,4551071,2976444,6.23,62.43,24227886,17949305,34.97,本月售價較去年同月增加，致營業收入增加。,4834658
2015,豐興,3438774,3405947,2167521,0.96,58.65,17710303,13138068,34.8,主係景氣復甦，原物料上漲，銷售數量及價格分別較去年同期增加19%及33%，使110年6月營業收入較去年同期大幅成長。,3438774
2017,官田鋼,408357,369782,243255,10.43,67.87,2212321,1440733,53.55,鋼市行情上漲，價格提高,408357
2020,美亞,599380,564219,419651,6.23,42.82,3033048,2447912,23.9,-,599380
2022,聚亨,1171871,1237469,792370,-5.3,47.89,6294393,4254892,47.93,-,1171871
2023,燁輝,8508687,7556716,4344540,12.59,95.84,41783113,25363766,64.73,銷售量及售價皆明顯較去年同期提升所致,8508687
2024,志聯,132035,154100,73916,-14.31,78.62,780147,513397,51.95,"去年因役情關係營收下降,本年因國際鋼價回升且市場需求增加所致",132035
2025,千興,86583,62440,99680,38.66,-13.13,680862,408365,66.72,本年累計營業額較去年同期增加，主要是因為客戶需求增加所致。,86583
2027,大成鋼,8834458,8127299,4533084,8.7,94.88,46488361,28302600,64.25,因美國市場需求暢旺所致,8834458
2028,威致,1054936,1168458,613291,-9.71,72.01,5994714,3803952,57.59,景氣回升好轉，故營收增加,1054936
2029,盛餘,1278394,1121146,777851,14.02,64.34,6852519,4408022,55.45,"銷售量比去年同期多1,993噸且銷售平均價格比去年同期上漲",1278394
2030,彰源,1314622,1308810,853299,0.44,54.06,6733886,4964496,35.64,係鎳價上漲帶動不�袗�產品價格上漲致營收增加,1314622
2031,新光鋼,1309641,1372935,774760,-4.61,69.03,7104738,4337252,63.8,本月及本年累積營收較去年同期增加50%以上，主要係鋼鐵需求量增加及價格上漲所致。,1309641
2032,新鋼,248788,350601,274877,-29.03,-9.49,1735141,1508482,15.02,-,248788
2033,佳大,68164,78403,61218,-13.05,11.34,410756,373100,10.09,-,68164
2034,允強,1721703,1440575,971665,19.51,77.19,7822314,6660086,17.45,主係因不�袗�漲價及需求增加所致。,1721703
2038,海光,803879,803225,604364,0.08,33.01,4703924,3913205,20.2,-,803879
2069,運錩,1221264,1235547,534702,-1.15,128.4,5964517,3269150,82.44,主要係鋼鐵需求量增加及價格上漲所致。,1221264
2211,長榮鋼,963484,849579,733942,13.4,31.27,5649683,4491477,25.78,-,963484
3004,豐達科,113975,107407,130524,6.11,-12.67,642898,1045953,-38.53,-,113975
5007,三星,633938,622722,321088,1.8,97.43,3499122,2281930,53.34,去年因新冠狀病毒疫情影響致營收減少，今年恢復正常,633938
9958,世紀鋼,998530,779963,580569,28.02,71.99,4035311,2497967,61.54,本月及本年增加百分比達50%以上，主因風力事業陸續投產，影響收入較同期增加。,998530
2101,南港,616652,665562,884691,-7.34,-30.29,4112355,4161163,-1.17,"本公告係屬自結數,與會計師所出具之財報因匯率之故將存有略微差異,屆時請以財報為準.",616652
2102,泰豐,116457,105742,463549,10.13,-74.87,883090,2428885,-63.64,"因美國反傾銷案,導致本公司6月營收及累計營收下滑",116457
2103,台橡,2693929,2815223,1905347,-4.3,41.38,16737526,12029185,39.14,-,2693929
2104,國際中橡,1954928,1895748,1175306,3.12,66.33,11246183,7267458,54.74,109年因疫情影響，營收減少，110年因疫情趨緩，營收增加,1954928
2105,正新,8487211,8450749,8071980,0.43,5.14,53178500,41644879,27.69,無。,8487211
2106,建大,3043061,3009523,2539476,1.11,19.83,17722797,13698893,29.37,-,3043061
2107,厚生,98626,246796,205887,-60.03,-52.09,1512590,1552072,-2.54,主要係因本期營建收入較去年同期減少所致.,98626
2108,南帝,2174738,2400094,781948,-9.38,178.11,14157800,5358020,164.23,主係銷售量值增加,2174738
2109,華豐,427058,491349,382416,-13.08,11.67,2681294,2103971,27.43,-,427058
2114,鑫永銓,168092,167561,133306,0.31,26.09,917412,774964,18.38,-,168092
6582,申豐,956433,982780,363486,-2.68,163.12,5070197,1998855,153.65,較去年同期增加主係銷售單價調升,956433
1319,東陽,1611783,1382944,1264888,16.54,27.42,8976677,8101206,10.8,-,1611783
1339,昭輝,143126,157139,146257,-8.91,-2.14,983275,923096,6.51,-,143126
1512,瑞利,107317,75439,59754,42.25,79.59,522870,561334,-6.85,"本月營收較去年同期成長79.6%,主係疫情緩和,供貨恢復正常及本期有模具結案認列,去年同期則無。",107317
1521,大億,408417,440727,371195,-7.33,10.02,2517122,2054425,22.52,-,408417
1522,堤維西,1442880,1362275,1221037,5.91,18.16,8118716,6804385,19.31,-,1442880
1524,耿鼎,170815,165284,115822,3.34,47.48,918285,865919,6.04,-,170815
1525,江申,133340,123191,78853,8.23,69.09,690212,458805,50.43,中心廠訂單增加,133340
1533,車王電,218006,257699,205060,-15.4,6.31,1277615,1100547,16.08,-,218006
1536,和大,515758,601926,352638,-14.31,46.25,3248704,2184995,48.68,-,515758
1568,倉佑,154483,120537,132832,28.16,16.29,900641,739834,21.73,-,154483
1587,吉茂,209596,195806,162049,7.04,29.34,1161477,727919,59.56,公司接單狀況良好,209596
2201,裕隆,5361403,6103777,7190029,-12.16,-25.43,38220030,37872129,0.91,-,5361403
2204,中華,2180119,2749367,2691858,-20.7,-19.01,16195347,14778053,9.59,-,2180119
2206,三陽工業,2987781,3527776,3392090,-15.3,-11.91,20145247,17282237,16.56,-,2987781
2207,和泰車,22781021,21335761,20715699,6.77,9.96,130654488,112688499,15.94,-,22781021
2227,裕日車,1244310,2316993,2306248,-46.29,-46.04,14052752,14563978,-3.51,-,1244310
2228,劍麟,298224,279701,161378,6.62,84.79,1867412,1465528,27.42,"主係去年同期疫情影響營收,本期逐步恢復",298224
2231,為升,220897,362536,217740,-39.06,1.44,2149046,1495196,43.73,-,220897
2233,宇隆,278277,291320,194303,-4.47,43.21,1665740,1095652,52.03,主係因新冠肺炎影響趨緩，客戶需求及訂單明顯回升。,278277
2241,艾姆勒,96028,86067,58737,11.57,63.48,505241,403476,25.22,係客戶需求增加,96028
2247,汎德永業,3779161,4157667,3319630,-9.1,13.84,22322380,18303918,21.95,-,3779161
2497,怡利電,166006,178617,91926,-7.06,80.58,1047871,670308,56.32,109/6係因受新冠肺炎疫情影響，車廠停工，致營收大幅減少，110/6維持今年以來的出貨水平。,166006
3346,麗清,337257,414159,357638,-18.56,-5.69,2715719,1712360,58.59,主係中國汽車市場需求增加，使銷售額相對增加。,337257
4551,智伸科,731657,753440,549680,-2.89,33.1,4506301,3028013,48.82,-,731657
6288,聯嘉,269836,288306,360759,-6.4,-25.2,1829532,1491467,22.66,-,269836
6605,帝寶,1305476,1283595,1071963,1.7,21.78,8018554,6531421,22.76,-,1305476
2302,麗正,58945,65627,52635,-10.18,11.98,355003,233321,52.15,系訂單需求增加,58945
2303,聯電,17336613,17189070,14581494,0.85,18.89,98004753,86654107,13.09,-,17336613
2329,華泰,1373990,1406100,1091784,-2.28,25.84,7937266,7142473,11.12,-,1373990
2330,台積電,148470660,112359668,120877785,32.13,22.82,734555352,621295550,18.22,無。,148470660
2337,旺宏,3609143,4006487,3007319,-9.91,20.01,21053591,18686447,12.66,-,3609143
2338,光罩,519735,492410,387628,5.54,34.08,2768174,2204542,25.56,-,519735
2340,台亞,543597,330354,511694,64.54,6.23,2967279,2541994,16.73,-,543597
2342,茂矽,167143,172198,184510,-2.93,-9.41,889417,914779,-2.77,-,167143
2344,華邦電,8722245,8207005,4130594,6.27,111.16,46559517,24301598,91.59,本公司之子公司新唐科技109/9/1完成對日本Panasonic Corporation半導體相關事業之併購，自完成日起該事業併入本公司合併財報,8722245
2351,順德,925445,909710,685014,1.72,35.09,5207222,3988569,30.55,-,925445
2363,矽統,25365,18289,8673,38.68,192.45,111059,76731,44.73,客戶需求增加,25365
2369,菱生,687660,654970,408821,4.99,68.2,3705122,2569772,44.18,需求暢旺,687660
2379,瑞昱,9450162,8576975,6078792,10.18,55.46,49179828,33266197,47.83,無,9450162
2388,威盛,600796,548591,597361,9.51,0.57,3187285,3026087,5.32,-,600796
2401,凌陽,715666,716783,539411,-0.15,32.67,3800238,2544239,49.36,-,715666
2408,南亞科,7638931,7604264,5319753,0.45,43.59,40368081,30908227,30.6,-,7638931
2434,統懋,14887,11842,10110,25.71,47.25,73965,64097,15.39,-,14887
2436,偉詮電,333462,299224,217746,11.44,53.14,1656213,1141930,45.03,客戶需求量增加,333462
2441,超豐,1588961,1633148,1193729,-2.7,33.1,9029196,6861552,31.59,-,1588961
2449,京元電子,1978466,2861258,2489358,-30.85,-20.52,15228216,14659656,3.87,-,1978466
2451,創見,1227418,1277428,863526,-3.91,42.14,7292804,5706128,27.8,-,1227418
2454,聯發科,47755898,41325915,25279480,15.55,88.91,233686385,128466028,81.9,(1)差異原因說明：主要產品線如智慧型手機、物聯網與電視晶片皆成長。(2)海外子公司之營收係以當月平均匯率換算之。,47755898
2458,義隆,1662802,1661074,1275230,0.1,30.39,9191933,5745540,59.98,居家辦公及授課市場需求增加,1662802
2481,強茂,1239243,1217899,851243,1.75,45.58,6732477,4721311,42.59,"本月營收淨額含二極體$1,221,139仟元及其他$24,064仟元，減銷退/折$5,960仟元。",1239243
3006,晶豪科,2078550,2084866,1009326,-0.3,105.93,11146603,6874358,62.14,本期合併月營收相較於去年同期有所成長，主要係因市場需求較去年同期成長所致。,2078550
3014,聯陽,625537,629088,412388,-0.56,51.68,3352573,2000075,67.62,因受疫情影響，公司產品需求增加。,625537
3016,嘉晶,428990,410324,347603,4.54,23.41,2349501,2050418,14.58,-,428990
3034,聯詠,11579574,11447855,5853894,1.15,97.8,60477817,35501442,70.35,市場需求提升以及公司積極擴展業務，致營收較去年同期成長。,11579574
3035,智原,569812,559624,507098,1.82,12.36,3222827,2571696,25.31,-,569812
3041,揚智,217391,232544,159858,-6.51,35.99,1262662,985296,28.15,-,217391
3094,聯傑,21067,23490,18148,-10.31,16.08,141008,113541,24.19,-,21067
3189,景碩,3118657,2874588,2374534,8.49,31.33,15951341,12678518,25.81,-,3118657
3257,虹冠電,116797,110053,90366,6.12,29.24,614296,400687,53.31,客戶需求增加,116797
3413,京鼎,974959,996225,946544,-2.13,3.0,5703350,4742621,20.25,-,974959
3443,創意,1205695,1083197,918518,11.3,31.26,6613028,6096665,8.46,-,1205695
3450,聯鈞,615441,610558,541175,0.79,13.72,3583311,2945707,21.64,-,615441
3530,晶相光,397370,355765,194904,11.69,103.87,2009495,1138858,76.44,因監控系列產品營收較去年同期大幅成長所致。,397370
3532,台勝科,964212,936864,1037488,2.91,-7.06,5811088,6025088,-3.55,-,964212
3545,敦泰,1913159,1950433,1077379,-1.91,77.57,10122121,5677233,78.29,主力產品出貨提升,1913159
3583,辛耘,286039,311097,286553,-8.05,-0.17,1958575,1474873,32.79,-,286039
3588,通嘉,177505,172462,121033,2.92,46.65,945291,649747,45.48,-,177505
3592,瑞鼎,2063631,2019804,1004723,2.16,105.39,11436565,6340445,80.37,延續去年下半年的需求動能，整體銷貨增加。,2063631
3686,達能,26072,18675,6143,39.6,324.41,94357,45340,108.1,本月份矽料報價持續向上走穩，致使營收較去年同期業績大幅成長,26072
3711,日月光投控,43325882,42267016,36457523,2.5,18.83,246396131,204905928,20.24,-,43325882
4919,新唐,3748237,3371012,1089535,11.19,244.02,20687169,5194297,298.26,本公司109/09/01完成對日本Panasonic Corporation半導體相關事業之併購，自完成日起該事業併入本公司合併財務報告,3748237
4952,凌通,325457,320698,262423,1.48,24.01,1672794,1215808,37.58,-,325457
4961,天鈺,2066705,2051590,800734,0.73,158.1,9874025,4305440,129.33,本月營收較去年同期增加主係顯示器驅動IC出貨量增加所致,2066705
4967,十銓,718123,625146,1099228,14.87,-34.67,3868460,3752853,3.08,-,718123
4968,立積,531973,588711,490223,-9.63,8.51,3476395,2027082,71.49,因客戶需求增加及產能提升,531973
5222,全訊,76985,82474,27259,-6.65,182.42,465518,288298,61.47,客戶訂單增加所致,76985
5269,祥碩,529420,497393,524699,6.43,0.89,3051124,2894683,5.4,-,529420
5285,界霖,546993,525281,373262,4.13,46.54,3091264,2074728,48.99,-,546993
5471,松翰,507430,519236,454012,-2.27,11.76,2961761,2325243,27.37,-,507430
6202,盛群,591271,555724,478743,6.39,23.5,3134778,2452808,27.8,-,591271
6239,力成,7063121,6886318,6401211,2.56,10.34,39050087,38221804,2.16,-,7063121
6243,迅杰,73537,64869,45831,13.36,60.45,400720,277845,44.22,客戶端需求持續強勁，故公司六月份整體營收呈現成長。,73537
6257,矽格,1446778,1408402,974670,2.72,48.43,7709744,5616012,37.28,-,1446778
6271,同欣電,1166426,1156121,785026,0.89,48.58,6575846,4015858,63.74,投資之子公司營收併入,1166426
6515,穎崴,238668,217915,257634,9.52,-7.36,1188250,1460780,-18.65,-,238668
6531,愛普*,599899,515235,318503,16.43,88.34,2861377,1710593,67.27,"市場需求強勁故營收增加，另去年同期之合併營收已排除停業單位營收，109年6月累計合併營收(含停業單位)為2,036,627仟元。",599899
6533,晶心科,92723,60736,22177,52.66,318.1,358496,207659,72.63,因本期矽智財授權收入提升，故營收較去年同期增加。,92723
6552,易華電,275417,270335,261409,1.87,5.35,1530932,1327886,15.29,-,275417
6695,芯鼎,115682,112761,51164,2.59,126.1,548699,297639,84.35,主要係因車用影像應用恢復成長以及智能居家安防監控市場與穿戴式應用需求增加所致。,115682
6719,力智,556808,487267,307163,14.27,81.27,2608270,1695767,53.81,主係全球市場對於電源管理晶片需求暢旺的影響，致本公司產品銷售業績增長。,556808
6756,威鋒電子,268843,267206,172738,0.61,55.63,1527971,933662,63.65,本期出貨量增加。,268843
6770,力積電,5204609,5181482,3757523,0.44,38.51,28573900,22227429,28.55,-,5204609
6789,采鈺,900977,697304,554995,29.2,62.33,3791730,3411736,11.13,因客戶需求增加所致。,900977
6799,來頡,79259,82660,47474,-4.11,66.95,475467,246814,92.64,本公司營業收入本月及本年增加百分比超過50%以上，主係因終端客戶需求增加所致。,79259
8016,矽創,1866265,1902983,925685,-1.92,101.6,9577156,5783704,65.58,主係驅動IC出貨量增加及調漲產品售價所致,1866265
8028,昇陽半導體,244303,230231,184874,6.11,32.14,1379893,1208749,14.15,-,244303
8081,致新,808899,802002,566548,0.85,42.77,4564557,3340826,36.62,-,808899
8110,華東,734604,711460,482167,3.25,52.35,3582784,3128879,14.5,主係合併營收之主體增加所致。,734604
8131,福懋科,804816,821160,763517,-1.99,5.4,5001263,4961636,0.79,-,804816
8150,南茂,2360243,2338610,1784515,0.92,32.26,13447581,11014935,22.08,-,2360243
8261,富鼎,360099,359958,260523,0.03,38.22,2059508,1320467,55.96,本年較去年同期增加55.97%，係因受惠終端客戶需求強勁使營收大幅增加,360099
8271,宇瞻,742750,759261,574465,-2.17,29.29,4385411,3656535,19.93,-,742750
2301,光寶科,13480059,13554054,14287458,-0.54,-5.65,78394468,74336582,5.45,-,13480059
2305,全友,53739,52769,61285,1.83,-12.31,300779,243648,23.44,-,53739
2324,仁寶,91440133,80201551,81698189,14.01,11.92,530983545,445700690,19.13,無,91440133
2331,精英,2830469,2358385,2797344,20.01,1.18,13944950,12213229,14.17,-,2830469
2352,佳世達,20502777,18134578,15463532,13.05,32.58,106887505,82872938,28.97,-,20502777
2353,宏��,30019319,24806745,25673362,21.01,16.92,151333538,114456620,32.21,-,30019319
2356,英業達,41271513,35337345,53408509,16.79,-22.72,226651717,237436907,-4.54,-,41271513
2357,華碩,47945921,40995436,39365234,16.95,21.79,244242053,163029459,49.81,-,47945921
2362,藍天,2240847,2272324,1676399,-1.38,33.67,11975200,8919772,34.25,-,2240847
2364,倫飛,59214,83807,58077,-29.34,1.95,421291,358809,17.41,-,59214
2365,昆盈,89936,59041,100451,52.32,-10.46,668120,655926,1.85,-,89936
2376,技嘉,9134400,11601877,7108074,-21.26,28.5,60149183,38141376,57.7,"本年/本月營收較去年同期增加,主要係板卡及網通產品銷售成長所致。",9134400
2377,微星,15570323,15674299,13779635,-0.66,12.99,94327016,63841232,47.75,-,15570323
2380,虹光,329761,284132,118622,16.05,177.99,1533495,581805,163.57,海外地區及中國地區銷售增加,329761
2382,廣達,90388641,85052076,93471203,6.27,-3.29,529231180,460480229,14.93,-,90388641
2387,精元,1955526,2018729,1863546,-3.13,4.93,11367234,7946281,43.05,-,1955526
2395,研華,5047082,4487246,5121824,12.47,-1.45,27371090,25290358,8.22,-,5047082
2397,友通,1429246,1149746,698656,24.3,104.57,5279285,4216770,25.19,主係因新增合併子公司Brainstorm Corporation，致使本月營收增幅百分比達50%以上。,1429246
2399,映泰,180384,244409,119398,-26.19,51.07,1232332,941856,30.84,"主要係主機板及顯示卡等產品之銷售成長,使本月營收較去年同期增加",180384
2405,輔信,152312,151504,143439,0.53,6.18,832804,885211,-5.92,-,152312
2417,圓剛,412826,401732,462527,2.76,-10.74,2564399,1767263,45.1,-,412826
2425,承啟,474710,608799,422937,-22.02,12.24,2775480,1525625,81.92,本年營業收入較同期增加主係去年受疫情影響，基期較低，故本年營業收入較去年同期增加。,474710
2465,麗臺,673950,1157568,300280,-41.77,124.44,4496510,1842543,144.03,本月及累計較去年同期分別成長124.44%及144.04%；主系大陸市場之人工智能行業應用對 RTX QUADRO、Geforce及DGX A100的需求增加。,673950
2495,普安,112344,103888,108935,8.13,3.12,556243,543808,2.28,-,112344
3002,歐格,48169,36508,67210,31.94,-28.33,269633,357003,-24.47,-,48169
3005,神基,2270911,2434671,2230280,-6.72,1.82,14911690,12998321,14.72,-,2270911
3013,晟銘電,401040,371442,480180,7.96,-16.48,2149129,3004237,-28.46,-,401040
3017,奇鋐,3713857,4550590,3082797,-18.38,20.47,23347577,19091375,22.29,-,3713857
3022,威強電,602546,503746,582353,19.61,3.46,3046297,2640234,15.37,-,602546
3046,建��,209340,179492,139468,16.62,50.09,1059612,665391,59.24,110年6月份及本年度1~6月累計營收較去年同期增加原因，主係去年因國際客觀情勢及疫情影響，致當年度營收較低。,209340
3057,喬鼎,93270,70205,66023,32.85,41.26,427858,497751,-14.04,-,93270
3060,銘異,378112,319548,389642,18.32,-2.95,1840918,2042580,-9.87,-,378112
3231,緯創,71903891,60974386,79001974,17.92,-8.98,378237952,394878899,-4.21,-,71903891
3416,融程電,184828,253229,131121,-27.01,40.95,1195837,721444,65.75,出貨增加,184828
3494,誠研,33052,29675,32034,11.37,3.17,208714,258542,-19.27,-,33052
3515,華擎,1592956,1838910,1733265,-13.37,-8.09,10054103,8313749,20.93,"“本年累計營業收入淨額”採年平均匯率計算,“本月營業收入淨額”採該月平均匯率計算,故累計營收淨額與各月營收淨額加總會有差異",1592956
3652,精聯,201197,176955,167723,13.69,19.95,1105420,911702,21.24,-,201197
3701,大眾控,686781,790309,627298,-13.09,9.48,4444226,3072083,44.66,-,686781
3706,神達,4523962,3382731,4138646,33.73,9.31,23470240,19267340,21.81,-,4523962
3712,永崴投控,653181,526005,372514,24.17,75.34,3907543,3047653,28.21,主要係因子公司本月承接工程案件依進度認列收入所致,653181
4916,事欣科,240752,233729,160830,3.0,49.69,1119665,2404223,-53.42,主因對恩德(1528)喪失控制力，故未予納入合併營收，致累計營收變動逾50%。,240752
4938,和碩,88868602,90320534,109942110,-1.6,-19.16,488817031,606321109,-19.37,無,88868602
5258,虹堡,394399,291274,348947,35.4,13.02,1764280,1761373,0.16,-,394399
6117,迎廣,219899,187376,170399,17.35,29.04,1119321,1114298,0.45,-,219899
6128,上福,411020,403868,305394,1.77,34.58,2375045,2054313,15.61,-,411020
6166,凌華,951831,574633,737089,65.64,29.13,4356774,4632878,-5.95,-,951831
6206,飛捷,388358,379877,332652,2.23,16.74,2088858,2207848,-5.38,-,388358
6230,尼得科超眾,788889,780672,870014,1.05,-9.32,4804523,4006056,19.93,-,788889
6235,華孚,221820,230958,132879,-3.95,66.93,1299208,830279,56.47,主要係因去年同期及去年累計受新型冠狀病毒影響造成低基期所致。,221820
6277,宏正,412912,408314,380501,1.12,8.51,2452135,2235866,9.67,-,412912
6414,樺漢,8401461,7432676,7165842,13.03,17.24,42949540,36788854,16.74,-,8401461
6579,研揚,615979,409278,583348,50.5,5.59,2671271,3000526,-10.97,-,615979
6669,緯穎,18168341,16411547,22401161,10.7,-18.89,90483159,87208055,3.75,-,18168341
8114,振樺電,778153,686233,691820,13.39,12.47,4100154,3764909,8.9,-,778153
8163,達方,2593181,2414125,1959709,7.41,32.32,13532996,9838225,37.55,-,2593181
8210,勤誠,842377,735229,670003,14.57,25.72,4157163,3536110,17.56,-,842377
9912,偉聯,64311,50426,39283,27.53,63.71,304685,226562,34.48,去年6月受疫情影響，需求趨減，今年因疫情好轉，市場需求回升，故今年6月合併營收較去年同期增加 63.71%,64311
2323,中環,657441,673115,632696,-2.32,3.91,4166828,4593073,-9.28,-,657441
2349,錸德,631665,629229,502398,0.38,25.72,3687886,3074866,19.93,-,631665
2374,佳能,215346,226347,266937,-4.86,-19.32,1315847,1495145,-11.99,-,215346
2393,億光,2416927,2275834,1785872,6.19,35.33,12645838,10164429,24.41,-,2416927
2406,國碩,672143,637566,797891,5.42,-15.76,4264083,4069872,4.77,-,672143
2409,友達,33936996,32117581,21607307,5.66,57.06,178596119,117190364,52.39,本期營收較去年同期增加主要係市場價格上漲及出貨量增加所致。,33936996
2426,鼎元,268605,282599,204712,-4.95,31.21,1590616,1133782,40.29,-,268605
2429,銘旺科,86905,106470,61005,-18.37,42.45,562398,362732,55.04,1.主係今年上半年光學面板產品需求增加 2.新增合併公司-富動科技股份有限公司,86905
2438,翔耀,27986,36319,33537,-22.94,-16.55,196122,207554,-5.5,-,27986
2466,冠西電,141506,79047,133593,79.01,5.92,506981,420221,20.64,-,141506
2486,一詮,521267,512274,347311,1.75,50.08,2836644,1854975,52.92,本公司因新產品應用持續開發及出貨，使營業收入已逐月成長。,521267
2489,瑞軒,2037489,1349662,1504500,50.96,35.42,9356679,6990123,33.85,-,2037489
2491,吉祥全,244569,38699,18686,531.97,1208.83,635203,109187,481.75,本期認列金融資產處分利益及透過損益按公允價值衡量之金融資產未實現評價調整,244569
3008,大立光,3370651,3358902,4136186,0.34,-18.5,21932923,25864922,-15.2,-,3370651
3019,亞光,1891454,1667912,1466711,13.4,28.95,9956337,6804613,46.31,-,1891454
3024,憶聲,109133,133021,146794,-17.95,-25.65,755747,618424,22.2,-,109133
3031,佰鴻,150823,130377,117180,15.68,28.71,781370,623014,25.41,-,150823
3038,全台,361256,343205,375056,5.25,-3.67,1986379,1873407,6.03,-,361256
3049,精金,291410,315331,112798,-7.58,158.34,1821655,1451073,25.53,本期營收較去年同期增加158.35%，係客戶需求增加所致。,291410
3050,鈺德,76156,83057,80120,-8.3,-4.94,487623,470728,3.58,-,76156
3051,力特,299435,303619,163757,-1.37,82.85,1667889,1086045,53.57,主要係各項產品市場需求持續增加,299435
3059,華晶科,812041,741589,502959,9.5,61.45,4283204,2637498,62.39,本月及本年累計營收較去年同期增加50%以上，係因客人需求增加。,812041
3149,正達,258431,195458,224079,32.21,15.33,1270701,1087187,16.87,-,258431
3356,奇偶,104621,108967,92943,-3.98,12.56,584892,565495,3.43,-,104621
3406,玉晶光,1135330,732198,1109440,55.05,2.33,5102781,5768419,-11.53,-,1135330
3437,榮創,317646,328161,511683,-3.2,-37.92,2515505,2491823,0.95,-,317646
3454,晶睿,534910,521196,474102,2.63,12.82,2806272,2981383,-5.87,-,534910
3481,群創,31513114,31376527,24183715,0.43,30.3,177074228,117274777,50.99,本期營收較去年同期增加，主要係巿場價格上漲及出貨量增加所致。,31513114
3504,揚明光,358579,362077,353540,-0.96,1.42,2132416,1759204,21.21,-,358579
3535,晶彩科,82503,64534,67200,27.84,22.77,732620,544834,34.46,-,82503
3543,州巧,265602,271693,240209,-2.24,10.57,1639512,1335038,22.8,-,265602
3563,牧德,245477,238709,197235,2.83,24.45,1403991,1363399,2.97,-,245477
3576,聯合再生,1378142,1276391,1235462,7.97,11.54,6674651,6279846,6.28,-,1378142
3591,艾笛森,180689,195018,153934,-7.34,17.38,1120730,980786,14.26,-,180689
3622,洋華,87993,106290,114097,-17.21,-22.87,656744,354383,85.32,本年增加原因：係因光電非消費性產品出貨增加所致。,87993
3714,富采,3282757,3170196,0,3.55,,16243760,0,,富采於110/1/6公司始設立,3282757
4934,太極,140898,162379,193671,-13.22,-27.24,927971,1068094,-13.11,-,140898
4942,嘉彰,768333,724299,672173,6.07,14.3,4207048,3206594,31.19,-,768333
4956,光鋐,160821,144604,101792,11.21,57.98,894165,559307,59.87,係因去年度受疫情影響所致,160821
4960,誠美材,900246,945488,710058,-4.78,26.78,5493987,4306137,27.58,-,900246
4976,佳凌,147173,147153,95165,0.01,54.65,913862,450522,102.84,本月營收較去年同期增加主要係因客戶需求增加所致,147173
5234,達興材料,358728,366796,342691,-2.19,4.67,2165655,2181168,-0.71,-,358728
5244,弘凱,91493,104765,78876,-12.66,15.99,645897,343391,88.09,因終端需求復甦，帶動營收持續成長。,91493
5484,慧友,56649,52751,26822,7.38,111.2,237396,142646,66.42,主要係因車載產品訂單增加使營收成長,56649
6116,彩晶,2501579,2814670,1377630,-11.12,81.58,15954230,7073658,125.54,主要為面板價格較去年同期上漲所致。,2501579
6120,達運,1573586,1598966,1263667,-1.58,24.52,9427009,6018664,56.62,主要係業務量增加。,1573586
6164,華興,81710,81169,59752,0.66,36.74,462731,397787,16.32,-,81710
6168,宏齊,297469,268661,182098,10.72,63.35,1520104,1152634,31.88,主係新增子公司、舊產品推廣及新產品發酵,297469
6176,瑞儀,4628479,4478330,5147902,3.35,-10.08,28099336,23799760,18.06,-,4628479
6209,今國光,278484,295331,179194,-5.7,55.4,1669714,1193112,39.94,主要係因去年受疫情影響營收基期偏低所致,278484
6225,天瀚,1297,1069,2833,21.32,-54.21,7181,7605,-5.57,數位影像產品出貨量減少所致,1297
6226,光鼎,72949,83454,56668,-12.58,28.73,445156,373103,19.31,-,72949
6278,台表科,5512866,5297090,3285644,4.07,67.78,27266736,17938323,52.0,本月營收及本年累計營收均較去年同期增加，主要是去年疫情影響，各客戶出貨減少，今年因疫情較緩和，各客戶出貨增加所致。,5512866
6405,悅城,48289,46275,46010,4.35,4.95,236682,218771,8.18,-,48289
6443,元晶,434782,484116,414694,-10.19,4.84,2510180,2229215,12.6,-,434782
6477,安集,128420,87311,307398,47.08,-58.22,499786,793022,-36.97,本月模組銷售量較去年同期減少，故整體合併營收下降。,128420
6668,中揚光,124757,87395,186424,42.75,-33.07,675931,852579,-20.71,-,124757
6706,惠特,478637,472381,260332,1.32,83.85,2564784,1644574,55.95,因市場需求增溫，出貨暢旺所致,478637
6742,澤米,36971,29880,22511,23.73,64.23,194750,180626,7.81,-,36971
8104,錸寶,152419,149128,142371,2.2,7.05,910073,708746,28.4,-,152419
8105,凌巨,878332,912922,590885,-3.78,48.64,4881212,3339177,46.18,-,878332
8215,明基材,1444421,1468949,1254001,-1.66,15.18,8359403,7164319,16.68,-,1444421
2314,台揚,374577,316202,386505,18.46,-3.08,2002885,2008402,-0.27,-,374577
2321,東訊,95791,96017,105488,-0.23,-9.19,520327,549990,-5.39,-,95791
2332,友訊,1250284,963543,1338950,29.75,-6.62,7266581,6863088,5.87,-,1250284
2345,智邦,4517191,4911263,4790580,-8.02,-5.7,27251362,24350430,11.91,-,4517191
2412,中華電,16924972,16335973,15979863,3.6,5.91,99702130,95957863,3.9,-,16924972
2419,仲琦,700587,884752,1062372,-20.81,-34.05,5155444,3994690,29.05,-,700587
2424,隴華,1055,1234,1662,-14.5,-36.52,8742,9709,-9.95,-,1055
2439,美律,2595484,2744608,2205230,-5.43,17.69,15905600,11631215,36.74,-,2595484
2444,兆勁,139472,141790,149101,-1.63,-6.45,829229,741973,11.75,-,139472
2450,神腦,2180821,2229644,2016083,-2.18,8.17,14159508,12658759,11.85,-,2180821
2455,全新,318661,288522,203343,10.44,56.71,1785278,1243380,43.58,客戶需求增加,318661
2485,兆赫,570259,419972,549009,35.78,3.87,2915548,3424502,-14.86,-,570259
2498,宏達電,664064,305094,649253,117.65,2.28,2524267,2673144,-5.56,-,664064
3025,星通,31376,35167,65399,-10.77,-52.02,220415,244321,-9.78,"受疫情影響,訂單延遲出貨",31376
3027,盛達,95653,68049,74943,40.56,27.63,450338,382937,17.6,-,95653
3045,台灣大,13679221,13504749,10612198,1.29,28.9,73733784,63194318,16.67,-,13679221
3047,訊舟,469501,405795,582135,15.69,-19.34,2528630,2832237,-10.71,-,469501
3062,建漢,322901,314181,413697,2.77,-21.94,2004226,2177215,-7.94,-,322901
3138,耀登,120548,131951,104533,-8.64,15.32,695238,533534,30.3,-,120548
3311,閎暉,121360,133610,129111,-9.16,-6.0,877348,753724,16.4,-,121360
3380,明泰,2724763,2687151,2971343,1.39,-8.29,14748317,12709155,16.04,-,2724763
3419,譁裕,153832,168986,136692,-8.96,12.53,787500,627759,25.44,因109年8月已出售子公司蘇州華廣電通有限公司100%股份，故109年之合併營收更改為不包含該營收。,153832
3447,展達,238163,287056,263064,-17.03,-9.46,1669955,1375560,21.4,-,238163
3596,智易,3185366,3084177,2619883,3.28,21.58,19173177,15091493,27.04,-,3185366
3669,圓展,361154,306181,255498,17.95,41.35,2021915,1109413,82.25,本年累計營收較去年同期增加主要係因出貨量增加所致。,361154
3694,海華,978169,1018185,900985,-3.93,8.56,5321261,4045111,31.54,-,978169
3704,合勤控,2285562,1995135,1918589,14.55,19.12,12961259,9080408,42.73,-,2285562
4904,遠傳,6681451,6457443,6163166,3.46,8.4,40333756,38063579,5.96,-,6681451
4906,正文,2193212,2252259,1927143,-2.62,13.8,11793027,8288671,42.27,-,2193212
5388,中磊,3589606,3127606,3636546,14.77,-1.29,19583636,16055654,21.97,-,3589606
6136,富爾特,46673,52170,59454,-10.53,-21.49,305261,328621,-7.1,-,46673
6142,友勁,238342,182745,226294,30.42,5.32,1326255,1158827,14.44,-,238342
6152,百一,303743,294859,301892,3.01,0.61,1553988,1103678,40.8,-,303743
6216,居易,66831,79488,57502,-15.92,16.22,430041,409948,4.9,-,66831
6285,啟��,5085059,5280326,5298150,-3.69,-4.02,30846123,28445375,8.43,-,5085059
6416,瑞祺電通,432315,385523,576143,12.13,-24.96,2359379,2720460,-13.27,-,432315
6426,統新,37873,45997,70906,-17.66,-46.58,264532,356539,-25.8,-,37873
6442,光聖,229758,254075,174920,-9.57,31.35,1416793,1136330,24.68,-,229758
6674,鋐寶科技,250008,246154,246304,1.56,1.5,1491071,1171156,27.31,-,250008
6792,詠業,164044,144799,91943,13.29,78.41,824262,559000,47.45,去年同期係因Covid-19影響，本期因市場需求增加。,164044
8011,台通,115983,143876,130392,-19.38,-11.05,714690,745468,-4.12,-,115983
8101,華冠,36726,59445,190227,-38.21,-80.69,415410,1072619,-61.27,主要客戶出貨量持續下滑，導致較去年同期降低,36726
1471,首利,23511,29005,117960,-18.94,-80.06,224934,412030,-45.4,本月營收較去年同期減少，主要係因為客戶需求減少所致。,23511
1582,信錦,826018,825639,808462,0.04,2.17,4817762,4401894,9.44,-,826018
2059,川湖,474943,506542,382734,-6.23,24.09,2766818,2339550,18.26,-,474943
2308,台達電,26204497,26126461,23812690,0.29,10.04,151255167,126372792,19.68,-,26204497
2313,華通,3781776,4055147,4417434,-6.74,-14.38,25764679,25510796,0.99,-,3781776
2316,楠梓電,411922,439074,435219,-6.18,-5.35,2421558,2393214,1.18,-,411922
2327,國巨,9505026,9201889,4539758,3.29,109.37,51468488,23486695,119.13,與去年同期比較營收增加，主要是因終端市場的強勁需求所致。,9505026
2328,廣宇,1886408,1687851,1570275,11.76,20.13,10002831,9660043,3.54,-,1886408
2355,敬鵬,1489295,1412390,1175354,5.44,26.71,8587434,7191189,19.41,-,1489295
2367,燿華,906504,925657,791769,-2.06,14.49,6271192,5881672,6.62,-,906504
2368,金像電,2028098,2222799,1944573,-8.75,4.29,12164378,11385106,6.84,-,2028098
2375,凱美,722670,705923,364367,2.37,98.33,3840234,2024202,89.71,2021年1月底凱美公司因帛漢及旺詮股權轉換案，本年累計營收已排除帛漢並計入旺詮。,722670
2383,台光電,3385779,3220597,2045256,5.12,65.54,17561611,12209643,43.83,去年同期:黃石廠產能30萬張.各廠尚未全能生產及銷售。今年:黃石廠產能60萬張.各廠全能生產及銷售;售價調整及產品組合更佳。,3385779
2385,群光,8866488,8421571,8014033,5.28,10.63,50429822,43206339,16.71,-,8866488
2392,正崴,5309864,5732272,6706050,-7.36,-20.81,37307597,36511719,2.17,-,5309864
2402,毅嘉,543471,559379,331444,-2.84,63.97,3258434,2187232,48.97,主要是去年同期因新冠肺炎疫情以至於基期較低所影響,543471
2413,環科,335250,306940,286193,9.22,17.14,2056432,1643007,25.16,-,335250
2415,錩新,252764,241440,93696,4.69,169.77,1371108,847435,61.79,去年同期受新冠肺炎疫情影響，營收大幅減少。,252764
2420,新巨,227923,252130,174688,-9.6,30.47,1297400,1113646,16.5,-,227923
2421,建準,1085281,1118856,1089455,-3.0,-0.38,6356837,5850341,8.65,-,1085281
2428,興勤,657779,674374,468260,-2.46,40.47,3719479,2592709,43.45,-,657779
2431,聯昌,113479,113012,178495,0.41,-36.42,867596,1050924,-17.44,-,113479
2440,太空梭,408475,407547,196649,0.22,107.71,2245917,1174900,91.15,主係2021年銅價較2020年同期上揚致本期營收增幅較大。,408475
2457,飛宏,971600,856025,893167,13.5,8.78,5365959,4056351,32.28,-,971600
2460,建通,408658,434203,269979,-5.88,51.36,2199869,1349213,63.04,係因2020年受新冠疫情之影響，營收大幅減少。,408658
2462,良得電,408170,419862,415882,-2.78,-1.85,2354273,1998309,17.81,-,408170
2467,志聖,476589,445171,339563,7.05,40.35,2914726,1669077,74.63,2020年初受疫情影響，出貨遞減，營收下滑，2020下半年客戶需求提升，致使近期營收較去年同期增加。,476589
2472,立隆電,823882,809883,654540,1.72,25.87,4574281,3611057,26.67,-,823882
2476,鉅祥,542069,526903,390456,2.87,38.82,2986367,2212339,34.98,-,542069
2478,大毅,537738,553028,421164,-2.76,27.67,3228118,2488072,29.74,-,537738
2483,百容,181745,166315,149780,9.27,21.34,994136,856939,16.01,-,181745
2484,希華,275866,275095,214171,0.28,28.8,1554463,1160029,34.0,-,275866
2492,華新科,3727263,3973519,3165209,-6.19,17.75,22111975,15140831,46.04,受年中盤點及疫情影響，以致對下游客戶訂單的出貨減少，華新科技 6 月份全球合併營收為新台幣 37.3 億。,3727263
2493,揚博,232273,205855,209018,12.83,11.12,1420401,1261628,12.58,-,232273
3003,健和興,393008,406648,266190,-3.35,47.64,2254581,1553465,45.13,-,393008
3011,今皓,136170,141452,132523,-3.73,2.75,718634,651485,10.3,-,136170
3015,全漢,1331332,1400075,1300152,-4.9,2.39,8149692,6389402,27.55,-,1331332
3021,鴻名,266359,238846,238472,11.51,11.69,1579821,1220112,29.48,-,266359
3023,信邦,2179823,2168308,1835635,0.53,18.75,12490709,9855840,26.73,-,2179823
3026,禾伸堂,1449531,1538624,1132400,-5.79,28.0,8810006,6803885,29.48,-,1449531
3032,偉訓,674064,751463,686379,-10.29,-1.79,4623347,3764210,22.82,-,674064
3037,欣興,8138026,8025993,7018232,1.39,15.95,45853851,42277289,8.45,-,8138026
3042,晶技,1315523,1433200,815208,-8.21,61.37,7651834,4675138,63.67,與去年同期比較營收增加，主要係因客戶需求出貨增加及子公司重慶眾陽置業有限公司認列開發案收入約NTD 0.99億所致。,1315523
3044,健鼎,5159232,4736185,4579118,8.93,12.66,30144410,24727752,21.9,-,5159232
3058,立德,397789,399276,357352,-0.37,11.31,2202244,1937366,13.67,-,397789
3090,日電貿,918093,899449,742856,2.07,23.58,5587170,4522577,23.53,-,918093
3092,鴻碩,222649,213297,214782,4.38,3.66,1338072,1358729,-1.52,-,222649
3229,晟鈦,37209,38808,39275,-4.12,-5.26,216998,219063,-0.94,海外子公司之營收係以當年度平均匯率換算之,37209
3296,勝德,311724,279763,245064,11.42,27.2,1512573,1000001,51.25,去年同期受疫情影響出貨減少，營收基期偏低。,311724
3308,聯德,32696,34112,28083,-4.15,16.42,159208,155684,2.26,-,32696
3321,同泰,196218,197128,148158,-0.46,32.43,1109799,873591,27.03,-,196218
3338,泰碩,437842,398221,532003,9.94,-17.69,2383634,2675954,-10.92,-,437842
3376,新日興,853358,919225,1267551,-7.16,-32.67,6031411,6410031,-5.9,-,853358
3432,台端,4349,4170,1963,4.29,121.54,21691,13635,59.08,客戶訂單增加,4349
3501,維熹,445951,438464,400112,1.7,11.45,2534498,1993852,27.11,-,445951
3533,嘉澤,1608627,1499418,1491787,7.28,7.83,9589348,7868336,21.87,-,1608627
3550,聯穎,403677,444331,232233,-9.14,73.82,2404658,1523022,57.88,主係今年原材料上漲調高銷售單價且新冠肺炎疫情趨緩，市場需求增加所致。,403677
3593,力銘,83619,89401,91135,-6.46,-8.24,595877,449402,32.59,-,83619
3605,宏致,914826,913452,678384,0.15,34.85,5077631,3654076,38.95,"本公司於110年4月新增子公司Genesis創世紀公司 ,本月合併營收金額含Genesis創世紀公司之營收金額",914826
3607,谷崧,284894,334198,194467,-14.75,46.49,1853578,1313049,41.16,-,284894
3645,達邁,200014,197892,138526,1.07,44.38,1184159,832098,42.31,-,200014
3653,健策,756057,728596,587132,3.76,28.77,4022984,3460786,16.24,-,756057
3679,新至陞,358792,413468,372543,-13.22,-3.69,2578809,1731952,48.89,-,358792
4545,銘鈺,301566,185761,159575,62.34,88.98,1100765,848543,29.72,主係自動化業務營收貢獻，故使集團整體營收增加。,301566
4915,致伸,5274949,5106162,4546725,3.3,16.01,33607396,29775520,12.86,-,5274949
4989,榮科,395875,413656,180732,-4.29,119.03,2122963,1349327,57.33,主係銅價上漲，造成營收增加，故較去年同期增加。,395875
4999,鑫禾,265666,250316,274160,6.13,-3.09,1530962,1176127,30.16,-,265666
5469,瀚宇博,4442352,4520163,3984163,-1.72,11.5,25721194,20359477,26.33,無,4442352
6108,競國,759597,794703,704291,-4.41,7.85,4537493,3910661,16.02,-,759597
6115,鎰勝,605730,607770,465943,-0.33,30.0,3550355,2632549,34.86,-,605730
6133,金橋,82224,88991,92816,-7.6,-11.41,454376,408359,11.26,-,82224
6141,柏承,314041,329697,259375,-4.74,21.07,1901989,1385421,37.28,資料係自行結算數,314041
6153,嘉聯益,1020103,930165,1378891,9.66,-26.02,7086596,6776683,4.57,-,1020103
6155,鈞寶,74335,65467,50519,13.54,47.14,386458,292482,32.13,-,74335
6191,精成科,2244622,2292371,1966698,-2.08,14.13,13285958,10121423,31.26,-,2244622
6197,佳必琪,340554,280766,320836,21.29,6.14,1785980,1572344,13.58,-,340554
6205,詮欣,144034,141918,141478,1.49,1.8,760689,693884,9.62,-,144034
6213,聯茂,2798606,2670958,2537891,4.77,10.27,15552413,13095198,18.76,-,2798606
6224,聚鼎,318539,286470,127129,11.19,150.56,1366659,766687,78.25,認列子公司營業收入及客戶需求增加產能稼動力提升所致,318539
6269,台郡,2261026,2399182,2106105,-5.75,7.35,14182246,11161454,27.06,-,2261026
6282,康舒,1603746,1685568,1622016,-4.85,-1.12,9780853,9928426,-1.48,-,1603746
6412,群電,3194441,3270273,3069396,-2.31,4.07,19609284,15945822,22.97,-,3194441
6449,鈺邦,235707,242363,189941,-2.74,24.09,1364852,996714,36.93,-,235707
6715,嘉基,167468,106318,205572,57.51,-18.53,1054107,1151493,-8.45,-,167468
6805,富世達,539734,532098,300943,1.43,79.34,2634532,1168113,125.53,因客戶訂單需求，出貨增加,539734
6834,天二科技,112249,113559,82603,-1.15,35.88,586524,391896,49.66,-,112249
6835,圓裕,222080,230436,228272,-3.62,-2.71,1352379,1117670,20.99,-,222080
8039,台虹,874030,753076,723126,16.06,20.86,4574751,3669692,24.66,自結數尚未經會計師簽證，特此說明。,874030
8046,南電,4246179,4099461,3243693,3.57,30.9,23340766,17020842,37.13,-,4246179
8103,瀚荃,345985,324244,247737,6.7,39.65,1888260,1462583,29.1,係本公司自結合併營收,345985
8213,志超,2368489,2319131,1894041,2.12,25.04,12914219,10670104,21.03,-,2368489
8249,菱光,374368,424347,324728,-11.77,15.28,2111910,1542970,36.87,-,374368
2347,聯強,33736979,31570759,28806382,6.86,17.11,183589453,144648892,26.92,本月營收係當月自結數，前期調整數反應在本年累計營收內,33736979
2414,精技,2014553,1975052,2106212,1.99,-4.35,11227381,10395951,7.99,-,2014553
2430,燦坤,2043220,2275140,1594836,-10.19,28.11,11259394,9171084,22.77,-,2043220
3010,華立,5840628,5437199,5051499,7.41,15.62,33149374,27189478,21.91,-,5840628
3028,增你強,3447853,3706467,2680683,-6.97,28.61,20839924,13428537,55.19,主要客戶需求增加，出貨量增加，導致營收較去年同期大幅成長。,3447853
3033,威健,5818016,6330755,4578635,-8.09,27.06,34503214,25558793,34.99,-,5818016
3036,文曄,33240310,33061931,23760308,0.53,39.89,199742767,152199845,31.23,-,33240310
3048,益登,7871034,7553863,7970774,4.19,-1.25,47949593,44727592,7.2,-,7871034
3055,蔚華科,466434,330740,261995,41.02,78.03,2158992,1313074,64.42,"累計營收:半導體1,191M、快銷品968M。本年累計快消品增加699M、半導體設備增加428M、驗證服務減少264M、二手設備減少17M。",466434
3209,全科,3445621,3772043,2912387,-8.65,18.3,23344011,19250387,21.26,-,3445621
3312,弘憶股,1819683,1406392,1012904,29.38,79.65,8842078,6158167,43.58,客戶需求增加,1819683
3528,安馳,522284,610081,555907,-14.39,-6.04,3231511,2572928,25.59,-,522284
3702,大聯大,67767917,66085397,47346786,2.54,43.13,377339856,280854527,34.35,-,67767917
5434,崇越,3487524,3137696,3099993,11.14,12.5,19914043,18161677,9.64,-,3487524
6189,豐藝,2558789,2736678,2025167,-6.5,26.34,15842550,12206136,29.79,-,2558789
6281,全國電,1982553,2300211,1845310,-13.8,7.43,10465794,9615379,8.84,-,1982553
6776,展�眥篕�,1765899,1614989,1413979,9.34,24.88,8694503,8072571,7.7,-,1765899
8070,長華*,1740792,1564982,1344027,11.23,29.52,9495330,7904312,20.12,-,1740792
8072,陞泰,122823,109913,85994,11.74,42.82,679220,402583,68.71,子公司半導體代理銷售增加,122823
8112,至上,19354059,16856004,10552809,14.81,83.4,102777520,61782025,66.35,整體半導體零組件市況持續暢旺，原廠產能吃緊帶動價格漲，下游伺服器等客戶需求增加帶動，使本期營收成長。,19354059
2427,三商電,268786,239904,367213,12.03,-26.8,1464750,1243230,17.81,-,268786
2453,凌群,478470,343518,448912,39.28,6.58,2453822,2345644,4.61,-,478470
2468,華經,145487,161987,143241,-10.18,1.56,1068554,1000293,6.82,-,145487
2471,資通,31720,45433,43792,-30.18,-27.56,311362,327099,-4.81,-,31720
2480,敦陽科,532544,526939,484621,1.06,9.88,2962957,2634084,12.48,-,532544
3029,零壹,905640,847155,947824,6.9,-4.45,5567695,5131567,8.49,-,905640
4994,傳奇,226356,243547,270159,-7.05,-16.21,1448245,1592371,-9.05,-,226356
5203,訊連,129905,123230,137015,5.41,-5.18,797658,771641,3.37,-,129905
6112,邁達特,1033923,847534,1510614,21.99,-31.55,5742002,7493918,-23.37,"Corex(PTY)LTD 110/1/4成為100%子公司，共同控制企業合併重編去年合併營收。本月較去年6月不含Corex減少404,297千元，減少28.11%",1033923
6183,關貿,159778,177228,182751,-9.84,-12.57,1023303,834668,22.6,-,159778
6214,精誠,2607508,1998491,2266077,30.47,15.06,14170033,11623939,21.9,-,2607508
2312,金寶,10233114,9688771,10811256,5.61,-5.34,65537393,54906467,19.36,-,10233114
2317,鴻海,401616787,455034482,360531936,-11.73,11.39,2700470550,2058117705,31.21,-,401616787
2354,鴻準,7403775,8264764,9301116,-10.41,-20.39,42626476,34146493,24.83,-,7403775
2359,所羅門,276230,346509,268528,-20.28,2.86,1910606,1634620,16.88,-,276230
2360,致茂,1602002,1382221,1361607,15.9,17.65,8718664,7199517,21.1,-,1602002
2373,震旦行,1135872,1054769,1192900,7.68,-4.78,6617861,5787533,14.34,-,1135872
2390,云辰,46741,44599,41986,4.8,11.32,302141,266392,13.41,-,46741
2404,漢唐,2453536,1610107,4463567,52.38,-45.03,11784976,16841458,-30.02,-,2453536
2423,固緯,230850,175212,163646,31.75,41.06,1195382,1026465,16.45,-,230850
2433,互盛電,323554,315210,344027,2.64,-5.95,1966155,1991513,-1.27,-,323554
2459,敦吉,602353,601991,457616,0.06,31.62,3313699,2751394,20.43,-,602353
2461,光群雷,493535,496222,390536,-0.54,26.37,3011909,2463536,22.25,-,493535
2464,盟立,795271,764535,699544,4.02,13.68,4613250,4171654,10.58,-,795271
2474,可成,3334610,3265197,7468037,2.12,-55.34,23031288,40154380,-42.64,無,3334610
2477,美隆電,317461,310626,261272,2.2,21.5,1638200,1245680,31.51,-,317461
2482,連宇,81609,52375,66672,55.81,22.4,401640,459449,-12.58,-,81609
2488,漢平,231315,215815,179960,7.18,28.53,1160578,610722,90.03,本年累計營收較去年同期增加主要係因訂單量增加所致。,231315
3018,隆銘綠能,161798,205849,173571,-21.39,-6.78,967350,810356,19.37,-,161798
3030,德律,518559,471836,502006,9.9,3.29,2900506,2649605,9.46,-,518559
3043,科風,90857,79015,89060,14.98,2.01,479622,491568,-2.43,-,90857
3305,昇貿,642647,662588,392723,-3.0,63.63,3551799,2183182,62.68,因出貨量成長及金屬價格上揚,642647
3518,柏騰,53207,77754,56575,-31.57,-5.95,407894,287848,41.7,-,53207
3617,碩天,684157,668160,843357,2.39,-18.87,4388722,3933091,11.58,-,684157
6139,亞翔,2434785,1721341,950466,41.44,156.16,10126683,6244394,62.17,去年大陸地區受新冠肺炎疫情影響，現工程已漸漸步入正軌，以致本月營收較去年同期大幅度增加。,2434785
6192,巨路,501201,414780,541190,20.83,-7.38,2979319,2890794,3.06,-,501201
6196,帆宣,2744611,2711949,2006365,1.2,36.79,14578939,11285899,29.17,-,2744611
6201,亞弘電,330612,278877,293068,18.55,12.81,1935281,1320183,46.59,-,330612
6215,和椿,226217,166012,154855,36.26,46.08,981941,815703,20.37,-,226217
6283,淳安,164325,262762,124271,-37.46,32.23,1338551,543970,146.07,本月營收大幅上升，主係因109年8月合併新取得子公司營收所致。,164325
6409,旭隼,1349170,1333536,1289081,1.17,4.66,7521619,6406711,17.4,-,1349170
6438,迅得,489291,380486,262153,28.59,86.64,2246511,1507416,49.03,本公司機台依客戶需求客製化生產，因應客戶訂單需求與交期，本月出貨交機量較去年同期為多，致本月營收較去年同期增加比重較多。,489291
6558,興能高,115708,144248,151718,-19.78,-23.73,906752,659637,37.46,-,115708
6658,聯策,149161,184362,204072,-19.09,-26.9,723956,626170,15.61,-,149161
6691,洋基工程,1117262,880820,464508,26.84,140.52,5166936,2411095,114.29,本年營收較去年同期增加114.30%，主要係因本年正在投入進行的專案較去年同期增加所致,1117262
6698,旭暉應材,72378,61195,34787,18.27,108.06,368774,239729,53.82,本月營收較去年同期增加，係新增銷售微波及半導體零件產品所致,72378
6743,安普新,525011,559265,461724,-6.12,13.7,2750966,1342569,104.9,受惠居家商機與遠距工作，耳機需求量增加，公司訂單亦隨之成長。,525011
6830,汎銓,127870,119175,103109,7.29,24.01,666882,503466,32.45,-,127870
8021,尖點,332158,302571,253929,9.77,30.8,1713351,1332801,28.55,-,332158
8201,無敵,129173,67007,122732,92.77,5.24,460300,523427,-12.06,-,129173
2616,山隆,1461375,1596064,1251502,-8.43,16.76,8945128,7681315,16.45,-,1461375
6505,台塑化,45492052,52926645,32091100,-14.04,41.75,275272311,217460887,26.58,0,45492052
8926,台汽電,289639,491758,861864,-41.1,-66.39,3350426,4910945,-31.77,子公司星能(股)依工程進度認列收入較去年同期減少。,289639
9908,大台北,226103,245281,251632,-7.81,-10.14,1670663,1977091,-15.49,-,226103
9918,欣天然,116828,140543,156812,-16.87,-25.49,1026745,1223874,-16.1,-,116828
9926,新海,154153,168630,150479,-8.58,2.44,1129033,1239590,-8.91,-,154153
9931,欣高,89622,93959,94619,-4.61,-5.28,626985,689294,-9.03,-,89622
9937,全國,1379863,1589277,1440578,-13.17,-4.21,9779265,8784016,11.33,-,1379863
1316,上曜,29269,135104,356108,-78.33,-91.78,460959,855009,-46.08,本月減少房地收入,29269
1436,華友聯,488356,545143,220554,-10.41,121.42,1840791,670769,174.42,本月及累計營收增加，係當月交屋數增加所致,488356
1438,三地開發,6,1,13833,500.0,-99.95,428,98422,-99.56,"110年累計銷售商品及土地428仟元,109年累計銷售商品及土地98,422仟元,故營收變化大。",6
1439,雋揚,4245,8858,8659,-52.07,-50.97,41612,69828,-40.4,主要客戶受疫情影響需求，造成營收減少。,4245
1442,名軒,591123,347697,267759,70.01,120.76,1361024,487869,178.97,本月認收57戶，去年同期認收38戶；本年累計認收127戶，去年累計認收54戶，故兩期差異大。,591123
1453,大將,38,38,56,0.0,-32.14,16172,46235,-65.02,"本月營收較去年減少,係因去年出售待售房地金額較大所致",38
1456,怡華,184154,602756,24958,-69.44,637.85,1388994,244232,468.71,本月認列建設收入較去年本月增加所致,184154
1472,三洋實業,46556,81123,21547,-42.61,116.06,242678,120587,101.24,主係子公司上鋌營造本期依完工比例認列收入增加,46556
1805,寶徠,6239,3456,4,80.52,155875.0,64063,121459,-47.25,本月營收較高主要係子公司認列收入，去年累計營收較高係認列康橋旭案收入較本期為高所致。,6239
1808,潤隆,878578,444247,642535,97.76,36.73,5465037,2071103,163.87,營收變動主要係本期累計房地出售收入較去年同期增加所致。,878578
2442,新美齊,38246,9497,367647,302.71,-89.59,1140865,1815580,-37.16,主要係109年12月對凱銳控股(股)公司及凱銳光電(股)公司等重要子公司喪失控制力，故自110年1月起不納入合併個體,38246
2501,國建,395182,332451,680114,18.86,-41.89,3962248,2918675,35.75,-,395182
2504,國產,1599786,1845369,1520015,-13.3,5.24,10578047,8496677,24.49,-,1599786
2505,國揚,281514,511789,9861646,-44.99,-97.14,4140902,10252679,-59.61,"本年度營建收入4,131,950仟元，租賃收入8,952仟元。",281514
2506,太設,19802,52439,76772,-62.23,-74.2,1267848,357434,254.7,去年當月交屋數較多，本年建案累積交屋較去年同期多,19802
2509,全坤建,35402,60091,20030,-41.08,76.74,560809,417591,34.29,"本月營收較去年同期增加,主要係認列餘屋銷售所致.",35402
2511,太子,762786,959566,657290,-20.5,16.05,5906074,4758757,24.1,-,762786
2515,中工,1224084,1328492,1186912,-7.85,3.13,7727109,6269003,23.25,-,1224084
2516,新建,654466,686870,585677,-4.71,11.74,3606859,2551568,41.35,-,654466
2520,冠德,7064591,1004173,1433130,603.52,392.94,14359068,9067311,58.36,110年6月及110年1-6月營業收入較去年同期增加達50%以上，主係建設部門103B案完工交屋所致。,7064591
2524,京城,916026,565134,733988,62.09,24.8,3508278,4022839,-12.79,-,916026
2527,宏璟,246749,389718,154082,-36.68,60.14,2848460,1121332,154.02,"本月及本年累計營收較去年高,主要係因本月及本年房地銷售收入較高所致",246749
2528,皇普,67609,258486,21,-73.84,321847.61,1050818,126,833882.53,"主係110年6月皇普文苑建案認列67,588仟元收入及認列租賃收入21仟元所致。",67609
2530,華建,592,753,712,-21.38,-16.85,4300,4257,1.01,-,592
2534,宏盛,393907,252098,112291,56.25,250.79,1703521,1000936,70.19,無異常，本月因有個案銷售認列收入，以及租賃收入,393907
2535,達欣工,1147408,1624893,1099754,-29.38,4.33,7024512,7391599,-4.96,-,1147408
2536,宏普,14098,14059,137446,0.27,-89.74,226214,2067320,-89.05,"今年本期只有租賃收入,因此營收較少",14098
2537,聯上發,199289,114,47428,174714.91,320.19,202820,1414471,-85.66,本月營收較去年增加，係認列雙北市房地出售收入所致。,199289
2538,基泰,16410,22545,12838,-27.21,27.82,134444,135467,-0.75,-,16410
2539,櫻花建,526,191,32552,175.39,-98.38,167078,1438457,-88.38,無異常。本月僅有租賃收入，無建案交屋入帳，致本期營收較去年同期減少。,526
2540,愛山林,351153,282442,387445,24.32,-9.36,2266793,1608509,40.92,-,351153
2542,興富發,8452172,3288228,1112637,157.04,659.65,24254263,10015116,142.17,本期較去年增加，主要係本期認列「光武段」、「白崙段」及「永翠段」等建案完工並完成產權移轉所致。,8452172
2543,皇昌,679210,644338,526159,5.41,29.08,3504970,2799389,25.2,-,679210
2545,皇翔,480417,400227,633934,20.03,-24.21,3133695,2162053,44.94,-,480417
2546,根基,911153,797871,1370395,14.19,-33.51,5162869,6680076,-22.71,-,911153
2547,日勝生,403861,315109,515764,28.16,-21.69,2251308,2764963,-18.57,-,403861
2548,華固,224975,370097,2568087,-39.21,-91.23,2856079,7836908,-63.55,本公司截至6月底累計營收較去年同期減少，係因本期認列交屋金額較低所致。,224975
2597,潤弘,1777843,1848778,1013623,-3.83,75.39,10151645,5669962,79.04,主係業務正於大量施工階段，以致營收較去年同期增加。,1777843
3052,夆典,693304,267917,780973,158.77,-11.22,2093514,2436044,-14.06,-,693304
3056,富華新,7589,9613,2725,-21.05,178.49,3593209,1607936,123.46,本月營收增加係子公司收入增加；本年營收增加係因個案總太2020完工交屋所致。,7589
3266,昇陽,88985,48978,216424,81.68,-58.88,403253,940578,-57.12,因營建收入受政策、全部完工法及建案規模不同等影響，故營收波動較大。,88985
3703,欣陸,1623667,1964409,1600888,-17.34,1.42,11944698,8938013,33.63,-,1623667
5515,建國,470414,546657,704816,-13.94,-33.25,2627885,3246856,-19.06,去年營收已排除停業單位營收,470414
5519,隆大,158139,137350,116810,15.13,35.38,1914603,975490,96.27,本年累計增加主要係自建案J49案完工過戶認列房地銷售收入較多所致。,158139
5521,工信,345084,287505,4196043,20.02,-91.77,1394910,5857446,-76.18,本月營收較去年同期減少92%，主因去年子公司出售土地存貨認列收入所致。,345084
5522,遠雄,1771356,1668953,1339874,6.13,32.2,9022924,10204999,-11.58,-,1771356
5525,順天,27817,45381,82199,-38.7,-66.15,274216,593056,-53.76,本月份母公司主要營收為租賃收入,27817
5531,鄉林,227506,326667,384734,-30.35,-40.86,906690,1224567,-25.95,建設業之銷售進度及狀況深受景氣榮枯及市場現狀影響，且建築個案之完工時間並非固定時點，故月營收的表現上會有較大之波動。,227506
5533,皇鼎,363343,186049,103482,95.29,251.11,1624007,1660341,-2.18,本月營收較去年同期增加達50%以上，係兩期個案營收組成因子不同。,363343
5534,長虹,17473,138630,292651,-87.39,-94.02,983803,3583084,-72.54,本月較去年同期減少，係因「天際」個案減少完成產權移轉予客戶認列收入所致。,17473
6177,達麗,992520,1636153,28335,-39.33,3402.8,2658174,1719031,54.63,本期較去年同期增加，主要差異係本月有新完工個案過戶所致。,992520
9906,欣巴巴,13,12,8974,8.33,-99.85,40484,37957,6.65,兩期本月增減百分比差異大，係因今年度本月個案銷售尚未入帳。,13
9946,三發地產,120322,73576,104250,63.53,15.41,450730,951979,-52.65,"本年累計營收較去年累計減少約50,125萬，係因去年有大量交屋認列營收。",120322
2208,台船,1666583,2124861,2424749,-21.56,-31.26,9430884,12395687,-23.91,-,1666583
2603,長榮,37720908,34442080,15686375,9.51,140.46,189865868,87368064,117.31,整體運價上漲，導致收入增加。,37720908
2605,新興,442049,312569,374132,41.42,18.15,1794393,2229569,-19.51,-,442049
2606,裕民,1179510,1054535,565491,11.85,108.58,5834049,3489000,67.21,"110年度6月份波羅的海指數較去年同期增加155.85%,致營業收入增加。",1179510
2607,榮運,564210,592045,563819,-4.7,0.06,3426464,3492829,-1.9,-,564210
2608,嘉里大榮,1099538,1126267,1001369,-2.37,9.8,6284665,5870222,7.06,-,1099538
2609,陽明,27536541,24035492,10920044,14.56,152.16,135552121,66392464,104.16,整體運價上漲，致營收增加。,27536541
2610,華航,9210523,9141861,8107038,0.75,13.61,57017661,58897169,-3.19,-,9210523
2611,志信,54380,59360,49097,-8.38,10.76,337594,295136,14.38,-,54380
2612,中航,279885,264202,244823,5.93,14.32,1596881,1554713,2.71,-,279885
2613,中櫃,253158,263815,236150,-4.03,7.2,1491265,1360786,9.58,-,253158
2615,萬海,17905245,15191500,5643560,17.86,217.26,86652125,34270590,152.84,運價上漲及貨量增加,17905245
2617,台航,265263,278735,194396,-4.83,36.45,1464173,1209552,21.05,-,265263
2618,長榮航,7705869,8394857,6142119,-8.2,25.45,43841768,49522030,-11.47,-,7705869
2630,亞航,347498,355130,414100,-2.14,-16.08,1916392,1940032,-1.21,-,347498
2633,台灣高鐵,401290,1901903,3102809,-78.9,-87.06,15969083,17205581,-7.18,受疫情影響，運量減少所致。,401290
2634,漢翔,2135985,1865039,1684282,14.52,26.81,10624212,10135798,4.81,-,2135985
2636,台驊投控,3148014,2660891,1158478,18.3,171.73,13762717,6403190,114.93,貨量與運價雙漲,3148014
2642,宅配通,425079,386709,355111,9.92,19.7,2181362,1950208,11.85,-,425079
5607,遠雄港,198797,187437,148027,6.06,34.29,1112307,887706,25.3,-,198797
5608,四維航,434943,440341,208087,-1.22,109.01,2016251,1243799,62.1,因整體運價上漲，致營收增加。,434943
6753,龍德造船,160757,231492,171573,-30.55,-6.3,1178321,1037741,13.54,-,160757
6757,台灣虎航-創,4883,44399,9887,-89.0,-50.61,165659,1638292,-89.88,受嚴重特殊傳染性肺炎疫情影響，航班取消致本年累計營收大幅減少。本月營收較去年同期減少，主係未執行定期國際航班及濕租航班。,4883
8367,建新國際,226532,163873,158856,38.23,42.6,1052989,960676,9.6,-,226532
2701,萬企,13981,17139,15686,-18.42,-10.86,129167,120254,7.41,-,13981
2702,華園,73249,59667,46248,22.76,58.38,351921,381841,-7.83,無,73249
2704,國賓,35728,83785,144555,-57.35,-75.28,826436,885690,-6.69,本月及本年累計較去年同期減少，主要係受新冠肺炎影響全國第三級警戒，致使客房收入及餐飲收入大幅減少。,35728
2705,六福,14316,49428,117962,-71.03,-87.86,518574,544670,-4.79,受三級警戒疫情影響，本公司6月整體營收較去年減少50%以上，本公司將持續關注事件發展,14316
2706,第一店,14483,20506,17810,-29.37,-18.68,127762,126310,1.14,-,14483
2707,晶華,212600,343316,381126,-38.07,-44.21,2573318,2377320,8.24,-,212600
2712,遠雄來,2076,18940,48758,-89.03,-95.74,192865,196511,-1.85,本月營收較去年同期減少95.74%，主係疫情所致,2076
2722,夏都,3102,34397,64288,-90.98,-95.17,273147,279853,-2.39,因疫情三級警戒，致使營收減少。,3102
2727,王品,873997,1319934,1217966,-33.78,-28.24,8379258,6436313,30.18,-,873997
2731,雄獅,13717,131652,117455,-89.58,-88.32,935849,4731968,-80.22,因新型冠狀病毒肺炎疫情影響團體旅遊,13717
2739,寒舍,56824,114427,202002,-50.34,-71.86,1235976,1186664,4.15,主要係受新型冠狀病毒肺炎疫情影響所致。,56824
2748,雲品,28524,64972,109630,-56.09,-73.98,730736,742029,-1.52,配合防疫政策自主性休館,28524
2753,八方雲集,449748,519176,413182,-13.37,8.84,2864868,2434739,17.66,-,449748
5706,鳳凰,3209,9808,11959,-67.28,-73.16,47086,407421,-88.44,因新型冠狀病毒肺炎疫情影響國外團體旅遊,3209
8940,新天地,3171,35016,33193,-90.94,-90.44,386056,422014,-8.52,本月較去年同期減少係因新冠肺炎疫情嚴重影響，以致於收入減少。,3171
9943,好樂迪,9311,93315,244943,-90.02,-96.19,1053100,1353566,-22.19,配合防疫政策5/15起暫停營業,9311
2801,彰銀,2563747,2305875,2252546,11.18,13.81,13885360,14487875,-4.15,-,2563747
2809,京城銀,1092929,888297,647988,23.03,68.66,5624570,3436252,63.68,主係上期因受新冠肺炎疫情影響，以致金融資產處分損益及減損損失分別較本期減少及增加。,1092929
2812,台中銀,1151247,951593,895424,20.98,28.57,6539468,5394819,21.21,-,1151247
2816,旺旺保,770525,524151,727904,47.0,5.85,4420116,3882066,13.85,-,770525
2820,華票,236145,216282,208377,9.18,13.32,1496057,1174633,27.36,-,236145
2832,台產,693415,603948,450296,14.81,53.99,3631579,2615727,38.83,"本月較去年同期營收增減變動達53.99%，主要係自留滿期保費收入增加252,981仟元所致。",693415
2834,臺企銀,2013942,2006889,1768989,0.35,13.84,11523627,10644718,8.25,-,2013942
2836,高雄銀,320998,306256,333564,4.81,-3.76,2076426,1897387,9.43,-,320998
2838,聯邦銀,1624243,930479,1255346,74.55,29.38,8083818,6739963,19.93,-,1624243
2845,遠東銀,957057,877098,1012785,9.11,-5.5,5572314,5640633,-1.21,-,957057
2849,安泰銀,517737,529628,545094,-2.24,-5.01,2940131,3043097,-3.38,-,517737
2850,新產,1554085,1500469,1383244,3.57,12.35,9043962,7725128,17.07,-,1554085
2851,中再保,2041449,1674432,1477037,21.91,38.21,10706713,8780139,21.94,-,2041449
2852,第一保,540702,457653,542534,18.14,-0.33,3126559,2758646,13.33,-,540702
2855,統一證,1807471,309920,1339066,483.2,34.97,7086148,3225017,119.72,累計營收增加，主係本年度交易部位操作累計獲利增加所致,1807471
2867,三商壽,13236483,8786518,13677987,50.64,-3.22,76915602,75637467,1.68,-,13236483
2880,華南金,4765172,3878645,3645922,22.85,30.69,25292092,16942643,49.28,-,4765172
2881,富邦金,42727373,36832681,39801352,16.0,7.35,269291134,244672784,10.06,-,42727373
2882,國泰金,59171488,38051539,48288520,55.5,22.53,345706616,321167360,7.64,-,59171488
2883,開發金,19564377,12467455,29277536,56.92,-33.17,99108622,105063780,-5.66,-,19564377
2884,玉山金,4728191,4560660,4936454,3.67,-4.21,28022350,28941109,-3.17,-,4728191
2885,元大金,12320604,9446565,10007905,30.42,23.1,67915129,51485005,31.91,-,12320604
2886,兆豐金,5533008,3261812,6191722,69.62,-10.63,29244718,30247122,-3.31,-,5533008
2887,台新金,8641213,3305515,4022070,161.41,114.84,28072202,21692761,29.4,本月處分彰銀部分持股並就剩餘持股重新評價，認列損失42.58億元，及取得保德信人壽100%股權認列暫定廉價購買利益91.86億元。,8641213
2888,新光金,30487032,10552854,40995105,188.89,-25.63,115331433,150420942,-23.32,-,30487032
2889,國票金,1098878,446455,794262,146.13,38.35,5315282,3743758,41.97,-,1098878
2890,永豐金,4117704,3415773,3167196,20.54,30.01,22876694,18570459,23.18,-,4117704
2891,中信金,14359880,11313211,14887451,26.93,-3.54,85584788,110575215,-22.6,-,14359880
2892,第一金,5120615,4809664,4411939,6.46,16.06,31330299,28043615,11.71,-,5120615
2897,王道銀行,804937,643247,644085,25.13,24.97,4682528,3876058,20.8,-,804937
5876,上海商銀,3347963,2905287,2989633,15.23,11.98,19368890,18886458,2.55,-,3347963
5880,合庫金,4525083,4301933,4635559,5.18,-2.38,26389713,24181128,9.13,-,4525083
6005,群益證,1433766,898584,1100348,59.55,30.3,6638071,3458112,91.95,經紀營收較去年增加所致,1433766
6024,群益期,217245,236325,194095,-8.07,11.92,1297588,1198230,8.29,-,217245
2601,益航,530837,622347,456011,-14.7,16.4,3447300,2617968,31.67,-,530837
2901,欣欣,3841,5276,8432,-27.19,-54.44,43196,52902,-18.34,"受疫情影響,電影院停業,餐飲禁內用只能外帶",3841
2903,遠百,1649945,2488382,2509192,-33.69,-34.24,16425524,16583165,-0.95,-,1649945
2905,三商,12391448,15480265,15633665,-19.95,-20.73,103033378,99231698,3.83,-,12391448
2906,高林,707426,581979,612730,21.55,15.45,3847506,3171633,21.3,-,707426
2908,特力,3623336,3130135,3872566,15.75,-6.43,21791630,19967374,9.13,-,3623336
2910,統領,24368,30910,35949,-21.16,-32.21,294915,227435,29.67,-,24368
2911,麗嬰房,188045,257519,281407,-26.97,-33.17,1719323,1815326,-5.28,-,188045
2912,統一超,20321411,22082804,21680106,-7.97,-6.26,128646597,124542278,3.29,-,20321411
2913,農林,12555,30918,28237,-59.39,-55.53,169264,141490,19.62,受新冠肺炎疫情影響整體營收下降，其中以配合政府三級警戒，休閒部門暫停營業影響最大。,12555
2915,潤泰全,224227,235223,468059,-4.67,-52.09,1343343,1546990,-13.16,主係合併個體中營業項目為投資之子公司其帳列投資收入減少所致,224227
2945,三商家購,1339660,1479577,1123326,-9.45,19.25,7062722,6484065,8.92,-,1339660
8443,阿瘦,48703,61858,106612,-21.26,-54.31,518151,626045,-17.23,受新冠肺炎疫情影響,48703
3708,上緯投控,770573,862129,834106,-10.61,-7.61,5421995,3465640,56.45,客戶訂單增加，帶動我司營收成長,770573
5292,華懋,145362,149556,150385,-2.8,-3.34,713073,531330,34.2,本公司完工百分比法係以投入成本為完工進度基礎，各期依工程安排時間不同而產生差異,145362
6581,鋼聯,140652,172944,135670,-18.67,3.67,780271,651919,19.68,-,140652
6806,森崴能源,221624,130124,14141,70.31,1467.24,1019875,74964,1260.48,本月及本年累計營收較去年本月及去年累計增加，主要係因本月承接工程案件依進度認列收入所致,221624
8341,日友,287284,272549,251680,5.4,14.14,1620043,1351136,19.9,-,287284
8422,可寧衛,167734,194161,219917,-13.61,-23.72,1410960,1299177,8.6,-,167734
8438,昶昕,358904,348308,229125,3.04,56.64,1983939,1354443,46.47,本月營業收入增加，主係國際銅價上漲及產銷量增加,358904
8473,山林水,264078,340680,367240,-22.48,-28.09,2045680,2259185,-9.45,-,264078
8476,台境,42889,36958,19764,16.04,117.0,251781,282162,-10.76,本公司目前以專案收入為主要營收，因各財務報表期間所認列專案別不同，使得營業收入同期比較不具相同基礎，此為本公司營業特性。,42889
9930,中聯資源,867290,924494,798309,-6.18,8.64,5287683,4935280,7.14,-,867290
9955,佳龍,90597,132154,113317,-31.44,-20.04,795581,730302,8.93,-,90597
3130,一零四,128844,164684,129017,-21.76,-0.13,894834,786939,13.71,-,128844
6165,浪凡,240442,213020,161,12.87,149242.85,1204976,847,142163.99,本公司100%持有旭瑞文化傳媒股份有限公司，合併基準日為109/08/17，合併後營收大幅提高。,240442
6689,伊雲谷,1073612,1011629,465455,6.12,130.65,5377848,2637580,103.89,係雲端資訊服務需求強勁及存儲商品銷量增加所致。,1073612
8454,富邦媒,8326167,8128766,5466995,2.42,52.29,40619491,30939811,31.28,受惠疫情影響，加速無接觸經濟發展，且618檔期帶動營收大幅成長。,8326167
1432,大魯閣,15449,43410,101031,-64.41,-84.7,368653,585668,-37.05,因新型冠狀病毒肺炎疫情影響,15449
1598,岱宇,819589,959845,903905,-14.61,-9.32,6612624,4099789,61.29,各品牌產品與電商通路銷售持續暢旺,819589
1736,喬山,2268750,2035765,2138651,11.44,6.08,13838065,11163384,23.95,-,2268750
4536,拓凱,579124,581625,609219,-0.43,-4.93,3832577,3183731,20.38,-,579124
5306,桂盟,726894,663977,525082,9.47,38.43,3807064,2497625,52.42,市場需求增加,726894
6670,復盛應用,2030373,2023755,820481,0.32,147.46,11828790,6169073,91.74,1.客戶訂單因應市場需求有顯著增加。2.併購民盛公司增加冰上曲棍球鞋、摩托車車靴等產品營收。,2030373
8462,柏文,640,154699,296911,-99.58,-99.78,1390397,1706859,-18.54,因應全國疫情三級警戒，本公司配合政府防疫措施，全國廠館暫停營業所致。,640
8478,東哥遊艇,1016238,299083,987459,239.78,2.91,2373889,2050457,15.77,主係認列遊艇銷貨收入增加所致,1016238
9904,寶成,21971533,20652139,21535018,6.38,2.02,135792757,122858675,10.52,-,21971533
9910,豐泰,6889298,6034863,5488037,14.15,25.53,39034668,34025958,14.72,合併營收為本公司自結數,6889298
9914,美利達,2511684,2352838,2928789,6.75,-14.24,15297210,12863054,18.92,-,2511684
9921,巨大,7281091,7192118,7571853,1.23,-3.84,41989549,33009610,27.2,-,7281091
2062,橋椿,865121,759126,612766,13.96,41.18,4393116,2862636,53.46,本年累計營收較去年累計營收增加，主係客戶需求增加所致。,865121
3557,嘉威,268289,355979,247997,-24.63,8.18,2492635,2322946,7.3,-,268289
6754,匯僑設計,407334,330335,265544,23.3,53.39,1821444,1539002,18.35,今年訂單大幅增加，多個工地進入施工期，將按完工比例法陸續認列收入。,407334
8464,億豐,2418301,2632279,2215462,-8.12,9.15,14210016,10659573,33.3,-,2418301
9911,櫻花,523171,599347,502032,-12.7,4.21,3615383,2989164,20.94,-,523171
9924,福興,814502,923458,754144,-11.79,8.0,4774357,4003220,19.26,-,814502
9934,成霖,1565595,1497688,1326800,4.53,17.99,9844218,7183427,37.04,-,1565595
9935,慶豐富,445454,342132,578613,30.19,-23.01,2427079,2318708,4.67,-,445454
1342,八貫,179870,136733,129415,31.54,38.98,897372,712393,25.96,-,179870
1416,廣豐,20265,22937,14859,-11.64,36.38,129877,112308,15.64,-,20265
1435,中福,1068,1184,1280,-9.79,-16.56,7014,7567,-7.3,-,1068
1437,勤益控,49178,52195,39973,-5.78,23.02,324967,299932,8.34,-,49178
1443,立益物流,45266,55089,39412,-17.83,14.85,313924,266455,17.81,-,45266
1516,川飛,122211,111248,52728,9.85,131.77,634269,439856,44.19,本月營收較去年同月營收增加係因煤礦價格上漲及客戶採購量增加所致,122211
2348,海悅,339116,328232,312868,3.31,8.38,2326269,1238732,87.79,本年度增減百分比達50％以上，係因個案銷售狀況良好,339116
2358,廷鑫,279628,136839,126049,104.34,121.84,959256,702485,36.55,本月銷售量較去年同月增加，致營業收入增加。,279628
2443,昶虹,5137,11739,16237,-56.23,-68.36,181017,236261,-23.38,因公司業務整理中，營業收入因而產生差異。,5137
2496,卓越,44480,52813,62487,-15.77,-28.81,308850,410804,-24.81,"去年本月營收扣除已出售部門為新台幣48,411仟元，減少8.12%；去年累計營收扣除已出售部門為新台幣311,947仟元，減少0.99%。",44480
2514,龍邦,1382251,987739,942180,39.94,46.7,5372227,4439324,21.01,-,1382251
2614,東森,434794,458030,361293,-5.07,20.34,2586776,2121016,21.95,-,434794
2904,匯僑,35829,41801,46892,-14.28,-23.59,255944,262979,-2.67,-,35829
3040,遠見,16264,14210,10791,14.45,50.71,86540,68910,25.58,去年因大陸疫情關係收入下降.今年逐漸恢復,16264
6184,大豐電,164004,163797,165541,0.12,-0.92,985006,993042,-0.8,-,164004
6464,台數科,362783,331897,355132,9.3,2.15,2144512,2200415,-2.54,-,362783
6504,南六,553125,605182,880097,-8.6,-37.15,3562417,4133282,-13.81,-,553125
6585,鼎基,210444,213082,122368,-1.23,71.97,1275460,860762,48.17,"本期(110年6月)較去年同期(109年6月)營業收入增加88,076仟元,成長71.98%,主係為客戶需求增加。",210444
6592,和潤企業,1331922,1485892,1199860,-10.36,11.0,8359218,6947712,20.31,-,1331922
6625,必應,2124,25929,14651,-91.8,-85.5,301896,169831,77.76,主要係因本期參與製作之演製活動等較去年同期減少及本年累積參與製作之演製活動等較去年累積增加所致,2124
6655,科定,185737,170333,185729,9.04,0.0,994941,828452,20.09,-,185737
8033,雷虎,92600,98396,88401,-5.89,4.74,603185,433126,39.26,-,92600
8463,潤泰材,267894,360281,269660,-25.64,-0.65,1831534,1405211,30.33,-,267894
8481,政伸,127793,131544,105906,-2.85,20.66,772417,540096,43.01,-,127793
9902,台火,21264,110739,41243,-80.79,-48.44,207168,190177,8.93,-,21264
9905,大華,824913,827316,763777,-0.29,8.0,4267830,3522134,21.17,-,824913
9907,統一實,3689667,3587546,2739695,2.84,34.67,18722758,13966175,34.05,-,3689667
9917,中保科,1118469,1161974,1182105,-3.74,-5.38,6991928,6730765,3.88,-,1118469
9919,康那香,308440,454159,445526,-32.08,-30.76,2068076,2486969,-16.84,-,308440
9925,新保,589600,586994,596732,0.44,-1.19,3711030,3553547,4.43,-,589600
9927,泰銘,869004,793893,574320,9.46,51.31,4453753,4075277,9.28,去年同期受疫情影響營收基期較低，近期LME鉛價上漲，售價及銷量均較去年同期增加。,869004
9928,中視,54753,59610,64236,-8.14,-14.76,368802,360847,2.2,-,54753
9929,秋雨,45373,44073,47076,2.94,-3.61,287530,399621,-28.04,-,45373
9933,中鼎,6119927,5595081,3601374,9.38,69.93,30639250,24705860,24.01,集團109年簽約額較108年成長，致110年6月營收較109年同期增加。,6119927
9938,百和,1328818,1586447,924097,-16.23,43.79,10684053,7593332,40.7,-,1328818
9939,宏全,2038488,2021324,1800921,0.84,13.19,11052923,9732503,13.56,-,2038488
9940,信義,1426807,1053128,1133852,35.48,25.83,7713416,5292663,45.73,-,1426807
9941,裕融,2590147,2662838,2480109,-2.72,4.43,15550390,14773904,5.25,-,2590147
9942,茂順,325308,324384,238985,0.28,36.12,1850245,1320571,40.1,-,325308
9944,新麗,241365,264328,178425,-8.68,35.27,1463170,1199383,21.99,-,241365
9945,潤泰新,1928395,2387135,1146071,-19.21,68.26,11611558,7708262,50.63,主係建案交屋認列及子公司潤弘業務正於大量施工階段，以致本月營收及本年累計營收均較去年同期增加。,1928395
